CODICE_CATASTALE;COMUNE;NUMERO;DATA_REGOLAMENTO;DATA_PUBBLICAZIONE;PR;REGIONE;FILE_REGOLAMENTO;FILE_DELIBERA;NOTE
A345;L'AQUILA;186;20/12/2024;02/10/2025;AQ;Abruzzo;194863_CIMUNIC-01aq25a345d.pdf;194863_CIMUNIC-01aq25a345dAM.pdf;""
C750;CITTA' SANT'ANGELO;64;27/11/2024;19/12/2024;PE;Abruzzo;190317_CIMUNIC-01pe25c750d.pdf;190317_CIMUNIC-01pe25c750dAM.pdf;""
A746;BELLANTE;50;30/12/2024;07/02/2025;TE;Abruzzo;191248_CIMUNIC-01te25a746d.pdf;191248_CIMUNIC-01te25a746dAM.pdf;""
E058;GIULIANOVA;75;23/12/2024;02/04/2025;TE;Abruzzo;192383_CIMUNIC-01te25e058d.pdf;192383_CIMUNIC-01te25e058dAM.pdf;""
L103;TERAMO;5;28/02/2025;18/03/2025;TE;Abruzzo;192032_CIMUNIC-01te25l103d.pdf;192032_CIMUNIC-01te25l103dAM.pdf;""
E483;LAURIA;51;27/12/2024;10/10/2025;PZ;Basilicata;195015_CIMUNIC-02pz25e483d.pdf;195015_CIMUNIC-02pz25e483dAM.pdf;""
G081;OPPIDO LUCANO;96;21/12/2024;20/06/2025;PZ;Basilicata;193527_CIMUNIC-02pz25g081d.pdf;193527_CIMUNIC-02pz25g081dAM.pdf;"IMU - VALORI AREE FABBRICABILI"
L738;VENOSA;70;30/12/2024;20/03/2025;PZ;Basilicata;192132_CIMUNIC-02pz25l738d.pdf;192132_CIMUNIC-02pz25l738dAM.pdf;""
D476;FALERNA;5;18/02/2025;25/02/2025;CZ;Calabria;191715_CIMUNIC-03cz25d476d.pdf;191715_CIMUNIC-03cz25d476dAM.pdf;""
I536;SCIDO;37;26/11/2024;15/07/2025;RC;Calabria;193843_CIMUNIC-03rc25i536d.pdf;193843_CIMUNIC-03rc25i536dAM.pdf;""
I537;SCILLA;32;02/12/2024;04/02/2025;RC;Calabria;191252_CIMUNIC-03rc25i537d.pdf;191252_CIMUNIC-03rc25i537dAM.pdf;""
I753;SINOPOLI;2;28/02/2025;12/03/2025;RC;Calabria;191952_CIMUNIC-03rc25i753d.pdf;191952_CIMUNIC-03rc25i753dAM.pdf;""
C971;CONTRADA;2;03/04/2025;22/04/2025;AV;Campania;;192604_CIMUNIC-04av25c971dAM.pdf;"IMU - VALORI AREE FABBRICABILI"
E746;LUOGOSANO;33;30/12/2024;09/01/2025;AV;Campania;190651_CIMUNIC-04av25e746d.pdf;190651_CIMUNIC-04av25e746dAM.pdf;""
F798;MUGNANO DEL CARDINALE;36;09/12/2024;15/01/2025;AV;Campania;190876_CIMUNIC-04av25f798d.pdf;190876_CIMUNIC-04av25f798dAM.pdf;""
H733;SALZA IRPINA;30;01/08/2025;13/10/2025;AV;Campania;195075_CIMUNIC-04av25h733d.pdf;195075_CIMUNIC-04av25h733dAM.pdf;""
I281;SANT'ANGELO DEI LOMBARDI;42;02/10/2025;30/10/2025;AV;Campania;;195447_CIMUNIC-04av25i281dAM.pdf;""
H967;SAN LORENZO MAGGIORE;33;27/12/2024;12/03/2025;BN;Campania;191993_CIMUNIC-04bn25h967d.pdf;191993_CIMUNIC-04bn25h967dAM.pdf;""
C291;CASTEL VOLTURNO;32;02/12/2024;09/01/2025;CE;Campania;190595_CIMUNIC-04ce25c291d.pdf;190595_CIMUNIC-04ce25c291dAM.pdf;""
I130;SAN POTITO SANNITICO;2;21/02/2025;25/09/2025;CE;Campania;194746_CIMUNIC-04ce25i130d.pdf;194746_CIMUNIC-04ce25i130dAM.pdf;""
I885;SPARANISE;3;21/02/2025;02/04/2025;CE;Campania;192094_CIMUNIC-04ce25i885d.pdf;192094_CIMUNIC-04ce25i885dAM.pdf;""
H243;ERCOLANO;73;25/06/2025;01/10/2025;NA;Campania;194845_CIMUNIC-04na25h243d.pdf;194845_CIMUNIC-04na25h243dAM.pdf;""
G964;POZZUOLI;5;06/02/2025;24/02/2025;NA;Campania;191492_CIMUNIC-04na25g964d.pdf;191492_CIMUNIC-04na25g964dAM.pdf;""
G796;POLLICA;3;14/04/2025;09/10/2025;SA;Campania;;195037_CIMUNIC-04sa25g796dAM.pdf;"IMU - VALORI AREE FABBRICABILI"
A944;BOLOGNA;900731-24;02/01/2025;13/01/2025;BO;Emilia romagna;190668_CIMUNIC-05bo25a944d.pdf;190668_CIMUNIC-05bo25a944dAM.pdf;""
B399;CALDERARA DI RENO;109;14/11/2024;17/03/2025;BO;Emilia romagna;;192063_CIMUNIC-05bo25b399dAM.pdf;"IMU - VALORI AREE FABBRICABILI"
D847;GAGGIO MONTANO;37;20/12/2024;19/02/2025;BO;Emilia romagna;191586_CIMUNIC-05bo25d847d.pdf;191586_CIMUNIC-05bo25d847dAM.pdf;""
B689;MARZABOTTO;94;20/12/2024;02/01/2025;BO;Emilia romagna;190410_CIMUNIC-05bo25b689d.pdf;190410_CIMUNIC-05bo25b689dAM.pdf;""
H678;SALA BOLOGNESE;77;19/12/2024;14/05/2025;BO;Emilia romagna;192866_CIMUNIC-05bo25h678d.pdf;192866_CIMUNIC-05bo25h678dAM.pdf;""
H945;SAN LAZZARO DI SAVENA;67;20/12/2024;04/02/2025;BO;Emilia romagna;191256_CIMUNIC-05bo25h945d.pdf;191256_CIMUNIC-05bo25h945dAM.pdf;""
L762;VERGATO;60;23/12/2024;20/02/2025;BO;Emilia romagna;191592_CIMUNIC-05bo25l762d.pdf;191592_CIMUNIC-05bo25l762dAM.pdf;""
D704;FORLI';102;19/12/2024;12/02/2025;FC;Emilia romagna;191430_CIMUNIC-05fc25d704d.pdf;191430_CIMUNIC-05fc25d704dAM.pdf;""
D548;FERRARA;16;24/02/2025;17/03/2025;FE;Emilia romagna;192062_CIMUNIC-05fe25d548d.pdf;192062_CIMUNIC-05fe25d548dAM.pdf;""
G768;POGGIO RENATICO;51;19/12/2024;27/03/2025;FE;Emilia romagna;192290_CIMUNIC-05fe25g768d.pdf;192290_CIMUNIC-05fe25g768dAM.pdf;""
G916;PORTOMAGGIORE;51;20/12/2024;12/05/2025;FE;Emilia romagna;192863_CIMUNIC-05fe25g916d.pdf;192863_CIMUNIC-05fe25g916dAM.pdf;""
M110;VOGHIERA;41;30/10/2024;11/11/2024;FE;Emilia romagna;189467_CIMUNIC-05fe25m110d.pdf;189467_CIMUNIC-05fe25m110dAM.pdf;""
A713;BASTIGLIA;3;28/02/2025;23/04/2025;MO;Emilia romagna;192624_CIMUNIC-05mo25a713d.pdf;192624_CIMUNIC-05mo25a713dAM.pdf;""
A959;BOMPORTO;47;19/12/2024;23/01/2025;MO;Emilia romagna;191058_CIMUNIC-05mo25a959d.pdf;191058_CIMUNIC-05mo25a959dAM.pdf;""
B539;CAMPOGALLIANO;53;19/12/2024;20/01/2025;MO;Emilia romagna;190968_CIMUNIC-05mo25b539d.pdf;190968_CIMUNIC-05mo25b539dAM.pdf;""
B819;CARPI;94;23/12/2024;25/02/2025;MO;Emilia romagna;191683_CIMUNIC-05mo25b819d.pdf;191683_CIMUNIC-05mo25b819dAM.pdf;""
C107;CASTELFRANCO EMILIA;59;19/12/2024;25/02/2025;MO;Emilia romagna;191704_CIMUNIC-05mo25c107d.pdf;191704_CIMUNIC-05mo25c107dAM.pdf;""
D607;FIORANO MODENESE;86;19/12/2024;12/02/2025;MO;Emilia romagna;191407_CIMUNIC-05mo25d607d.pdf;191407_CIMUNIC-05mo25d607dAM.pdf;""
D711;FORMIGINE;92;19/12/2024;13/01/2025;MO;Emilia romagna;190638_CIMUNIC-05mo25d711d.pdf;190638_CIMUNIC-05mo25d711dAM.pdf;""
E904;MARANELLO;91;19/12/2024;11/02/2025;MO;Emilia romagna;191392_CIMUNIC-05mo25e904d.pdf;191392_CIMUNIC-05mo25e904dAM.pdf;""
F642;MONTESE;7;03/02/2025;31/03/2025;MO;Emilia romagna;192348_CIMUNIC-05mo25f642d.pdf;192348_CIMUNIC-05mo25f642dAM.pdf;""
F930;NONANTOLA;78;19/12/2024;12/02/2025;MO;Emilia romagna;191423_CIMUNIC-05mo25f930d.pdf;191423_CIMUNIC-05mo25f930dAM.pdf;""
F966;NOVI DI MODENA;42;19/12/2024;28/01/2025;MO;Emilia romagna;191088_CIMUNIC-05mo25f966d.pdf;191088_CIMUNIC-05mo25f966dAM.pdf;""
H794;SAN CESARIO SUL PANARO;73;28/11/2024;17/12/2024;MO;Emilia romagna;190203_CIMUNIC-05mo25h794d.pdf;190203_CIMUNIC-05mo25h794dAM.pdf;""
I802;SOLIERA;66;19/12/2024;20/01/2025;MO;Emilia romagna;190967_CIMUNIC-05mo25i802d.pdf;190967_CIMUNIC-05mo25i802dAM.pdf;""
G535;PIACENZA;5;03/02/2025;04/03/2025;PC;Emilia romagna;191774_CIMUNIC-05pc25g535d.pdf;191774_CIMUNIC-05pc25g535dAM.pdf;""
A573;BAGNOLO IN PIANO;5;26/02/2025;17/03/2025;RE;Emilia romagna;192129_CIMUNIC-05re25a573d.pdf;192129_CIMUNIC-05re25a573dAM.pdf;""
B328;CADELBOSCO DI SOPRA;3;25/02/2025;17/03/2025;RE;Emilia romagna;192088_CIMUNIC-05re25b328d.pdf;192088_CIMUNIC-05re25b328dAM.pdf;""
B893;CASALGRANDE;79;21/12/2024;24/10/2025;RE;Emilia romagna;195323_CIMUNIC-05re25b893d.pdf;195323_CIMUNIC-05re25b893dAM.pdf;""
B967;CASINA;4;27/02/2025;23/04/2025;RE;Emilia romagna;192643_CIMUNIC-05re25b967d.pdf;192643_CIMUNIC-05re25b967dAM.pdf;""
C141;CASTELLARANO;51;19/12/2024;27/12/2024;RE;Emilia romagna;190396_CIMUNIC-05re25c141d.pdf;190396_CIMUNIC-05re25c141dAM.pdf;""
C218;CASTELNOVO DI SOTTO;4;27/02/2025;13/03/2025;RE;Emilia romagna;192020_CIMUNIC-05re25c218d.pdf;192020_CIMUNIC-05re25c218dAM.pdf;""
C219;CASTELNOVO NE' MONTI;96;18/12/2024;25/02/2025;RE;Emilia romagna;191724_CIMUNIC-05re25c219d.pdf;191724_CIMUNIC-05re25c219dAM.pdf;""
H223;REGGIO EMILIA;10;20/01/2025;07/03/2025;RE;Emilia romagna;191706_CIMUNIC-05re25h223d.pdf;191706_CIMUNIC-05re25h223dAM.pdf;""
I496;SCANDIANO;107;23/12/2024;12/03/2025;RE;Emilia romagna;191919_CIMUNIC-05re25i496d.pdf;191919_CIMUNIC-05re25i496dAM.pdf;""
C357;CATTOLICA;49;27/11/2024;10/02/2025;RN;Emilia romagna;191346_CIMUNIC-05rn25c357d.pdf;191346_CIMUNIC-05rn25c357dAM.pdf;""
F715;MORCIANO DI ROMAGNA;25;21/05/2020;25/07/2025;RN;Emilia romagna;194044_CIMUNIC-05rn25f715d.pdf;194044_CIMUNIC-05rn25f715dAM.pdf;""
M324;POGGIO TORRIANA;7;13/02/2025;26/03/2025;RN;Emilia romagna;;192243_CIMUNIC-05rn25m324dAM.pdf;"IMU - VALORI AREE FABBRICABILI"
A269;ANAGNI;2;25/02/2025;04/06/2025;FR;Lazio;193263_CIMUNIC-07fr25a269d.pdf;193263_CIMUNIC-07fr25a269dAM.pdf;""
G598;PIEDIMONTE SAN GERMANO;9;21/02/2025;02/05/2025;FR;Lazio;192703_CIMUNIC-07fr25g598d.pdf;192703_CIMUNIC-07fr25g598dAM.pdf;""
A341;APRILIA;18;11/12/2024;07/01/2025;LT;Lazio;190517_CIMUNIC-07lt25a341d.pdf;190517_CIMUNIC-07lt25a341dAM.pdf;""
L120;TERRACINA;3;04/02/2025;19/03/2025;LT;Lazio;192164_CIMUNIC-07lt25l120d.pdf;192164_CIMUNIC-07lt25l120dAM.pdf;""
B576;CANALE MONTERANO;29;29/11/2024;06/03/2025;RM;Lazio;;191904_CIMUNIC-07rm25b576dAM.pdf;"IMU - VALORI AREE FABBRICABILI"
D875;GALLICANO NEL LAZIO;13;15/04/2025;05/05/2025;RM;Lazio;192704_CIMUNIC-07rm25d875d.pdf;192704_CIMUNIC-07rm25d875dAM.pdf;""
M207;LARIANO;44;30/12/2024;14/02/2025;RM;Lazio;191493_CIMUNIC-07rm25m207d.pdf;191493_CIMUNIC-07rm25m207dAM.pdf;""
F611;MONTEROTONDO;78;27/12/2024;13/02/2025;RM;Lazio;191468_CIMUNIC-07rm25f611d.pdf;191468_CIMUNIC-07rm25f611dAM.pdf;""
F692;MONTORIO ROMANO;23;20/12/2024;19/02/2025;RM;Lazio;191601_CIMUNIC-07rm25f692d.pdf;191601_CIMUNIC-07rm25f692dAM.pdf;""
G784;POLI;35;28/12/2024;19/05/2025;RM;Lazio;192963_CIMUNIC-07rm25g784d.pdf;192963_CIMUNIC-07rm25g784dAM.pdf;""
H404;ROCCA DI PAPA;8;27/02/2025;18/08/2025;RM;Lazio;194268_CIMUNIC-07rm25h404d.pdf;194268_CIMUNIC-07rm25h404dAM.pdf;""
L182;TIVOLI;56;31/12/2024;07/02/2025;RM;Lazio;191304_CIMUNIC-07rm25l182d.pdf;191304_CIMUNIC-07rm25l182dAM.pdf;""
E128;GRAFFIGNANO;37;19/12/2024;01/07/2025;VT;Lazio;193685_CIMUNIC-07vt25e128d.pdf;193685_CIMUNIC-07vt25e128dAM.pdf;""
D969;GENOVA;56;19/12/2024;16/01/2025;GE;Liguria;190900_CIMUNIC-08ge25d969d.pdf;190900_CIMUNIC-08ge25d969dAM.pdf;""
H183;RAPALLO;63;18/11/2024;01/04/2025;GE;Liguria;192289_CIMUNIC-08ge25h183d.pdf;192289_CIMUNIC-08ge25h183dAM.pdf;""
I138;SANREMO;61;23/12/2024;16/01/2025;IM;Liguria;190896_CIMUNIC-08im25i138d.pdf;190896_CIMUNIC-08im25i138dAM.pdf;""
L024;TAGGIA;10;26/02/2025;01/04/2025;IM;Liguria;192346_CIMUNIC-08im25l024d.pdf;192346_CIMUNIC-08im25l024dAM.pdf;""
A261;AMEGLIA;38;17/12/2024;02/10/2025;SP;Liguria;194886_CIMUNIC-08sp25a261d.pdf;194886_CIMUNIC-08sp25a261dAM.pdf;""
E463;LA SPEZIA;39;16/12/2024;14/01/2025;SP;Liguria;190521_CIMUNIC-08sp25e463d.pdf;190521_CIMUNIC-08sp25e463dAM.pdf;""
F609;MONTEROSSO AL MARE;43;30/12/2024;18/02/2025;SP;Liguria;;191471_CIMUNIC-08sp25f609dAM.pdf;""
H275;RICCO' DEL GOLFO DI SPEZIA;39;29/11/2024;14/01/2025;SP;Liguria;190785_CIMUNIC-08sp25h275d.pdf;190785_CIMUNIC-08sp25h275dAM.pdf;""
H304;RIOMAGGIORE;46;28/12/2024;17/02/2025;SP;Liguria;191523_CIMUNIC-08sp25h304d.pdf;191523_CIMUNIC-08sp25h304dAM.pdf;""
A278;ANDORA;12;28/02/2025;13/03/2025;SV;Liguria;192009_CIMUNIC-08sv25a278d.pdf;192009_CIMUNIC-08sv25a278dAM.pdf;""
C443;CELLE LIGURE;54;19/12/2024;14/01/2025;SV;Liguria;190776_CIMUNIC-08sv25c443d.pdf;190776_CIMUNIC-08sv25c443dAM.pdf;""
D600;FINALE LIGURE;99;20/12/2024;14/04/2025;SV;Liguria;192465_CIMUNIC-08sv25d600d.pdf;192465_CIMUNIC-08sv25d600dAM.pdf;""
I480;SAVONA;37;19/12/2024;07/04/2025;SV;Liguria;;192413_CIMUNIC-08sv25i480dAM.pdf;""
I946;STELLA;3;25/02/2025;17/03/2025;SV;Liguria;191996_CIMUNIC-08sv25i946d.pdf;191996_CIMUNIC-08sv25i946dAM.pdf;""
A129;ALBANO SANT'ALESSANDRO;32;25/03/2025;03/04/2025;BG;Lombardia;192403_CIMUNIC-09bg25a129d.pdf;192403_CIMUNIC-09bg25a129dAM.pdf;"IMU - VALORI AREE FABBRICABILI"
A794;BERGAMO;73;21/10/2024;02/12/2024;BG;Lombardia;189388_CIMUNIC-09bg25a794d.pdf;189388_CIMUNIC-09bg25a794dAM.pdf;""
B088;BOTTANUCO;47;28/11/2024;14/01/2025;BG;Lombardia;190848_CIMUNIC-09bg25b088d.pdf;190848_CIMUNIC-09bg25b088dAM.pdf;""
B178;BRIGNANO GERA D'ADDA;52;23/12/2024;16/01/2025;BG;Lombardia;190899_CIMUNIC-09bg25b178d.pdf;190899_CIMUNIC-09bg25b178dAM.pdf;""
B434;CALUSCO D'ADDA;46;23/12/2024;16/01/2025;BG;Lombardia;190906_CIMUNIC-09bg25b434d.pdf;190906_CIMUNIC-09bg25b434dAM.pdf;""
C800;CLUSONE;35;23/12/2024;17/01/2025;BG;Lombardia;190930_CIMUNIC-09bg25c800d.pdf;190930_CIMUNIC-09bg25c800dAM.pdf;""
F786;MOZZANICA;49;16/12/2024;04/03/2025;BG;Lombardia;191778_CIMUNIC-09bg25f786d.pdf;191778_CIMUNIC-09bg25f786dAM.pdf;""
G864;PONTIDA;49;20/12/2024;04/06/2025;BG;Lombardia;193285_CIMUNIC-09bg25g864d.pdf;193285_CIMUNIC-09bg25g864dAM.pdf;""
I506;SCANZOROSCIATE;56;17/12/2024;21/01/2025;BG;Lombardia;191001_CIMUNIC-09bg25i506d.pdf;191001_CIMUNIC-09bg25i506dAM.pdf;""
I597;SELVINO;53;17/12/2024;04/02/2025;BG;Lombardia;191247_CIMUNIC-09bg25i597d.pdf;191247_CIMUNIC-09bg25i597dAM.pdf;""
M050;VILMINORE DI SCALVE;36;21/12/2024;25/02/2025;BG;Lombardia;191727_CIMUNIC-09bg25m050d.pdf;191727_CIMUNIC-09bg25m050dAM.pdf;""
M184;ZOGNO;39;19/12/2024;14/02/2025;BG;Lombardia;191514_CIMUNIC-09bg25m184d.pdf;191514_CIMUNIC-09bg25m184dAM.pdf;""
C055;CASTEGNATO;63;16/12/2024;13/08/2025;BS;Lombardia;194267_CIMUNIC-09bs25c055d.pdf;194267_CIMUNIC-09bs25c055dAM.pdf;""
C585;CETO;54;14/11/2024;19/12/2024;BS;Lombardia;190305_CIMUNIC-09bs25c585d.pdf;190305_CIMUNIC-09bs25c585dAM.pdf;""
C618;CHIARI;55;20/12/2024;17/01/2025;BS;Lombardia;190911_CIMUNIC-09bs25c618d.pdf;190911_CIMUNIC-09bs25c618dAM.pdf;""
D064;CORTENO GOLGI;02;28/02/2025;26/03/2025;BS;Lombardia;192253_CIMUNIC-09bs25d064d.pdf;192253_CIMUNIC-09bs25d064dAM.pdf;""
E271;GUSSAGO;59;30/12/2024;02/04/2025;BS;Lombardia;192384_CIMUNIC-09bs25e271d.pdf;192384_CIMUNIC-09bs25e271dAM.pdf;""
E738;LUMEZZANE;71;30/12/2024;04/04/2025;BS;Lombardia;192410_CIMUNIC-09bs25e738d.pdf;192410_CIMUNIC-09bs25e738dAM.pdf;""
G264;PALAZZOLO SULL'OGLIO;80;19/12/2024;23/01/2025;BS;Lombardia;191046_CIMUNIC-09bs25g264d.pdf;191046_CIMUNIC-09bs25g264dAM.pdf;""
G959;POZZOLENGO;40;23/12/2024;10/01/2025;BS;Lombardia;190669_CIMUNIC-09bs25g959d.pdf;190669_CIMUNIC-09bs25g959dAM.pdf;"IMU - VALORI AREE FABBRICABILI"
H598;ROVATO;51;23/12/2024;22/01/2025;BS;Lombardia;191044_CIMUNIC-09bs25h598d.pdf;191044_CIMUNIC-09bs25h598dAM.pdf;""
L312;TOSCOLANO-MADERNO;54;18/12/2024;29/01/2025;BS;Lombardia;191138_CIMUNIC-09bs25l312d.pdf;191138_CIMUNIC-09bs25l312dAM.pdf;""
M065;VIONE;02;28/02/2025;12/03/2025;BS;Lombardia;192016_CIMUNIC-09bs25m065d.pdf;192016_CIMUNIC-09bs25m065dAM.pdf;""
B778;CARIMATE;35;24/09/2024;27/12/2024;CO;Lombardia;190389_CIMUNIC-09co25b778d.pdf;190389_CIMUNIC-09co25b778dAM.pdf;""
B785;CARLAZZO;29;19/11/2024;13/01/2025;CO;Lombardia;190782_CIMUNIC-09co25b785d.pdf;190782_CIMUNIC-09co25b785dAM.pdf;""
D605;FINO MORNASCO;59;29/11/2024;04/02/2025;CO;Lombardia;191241_CIMUNIC-09co25d605d.pdf;191241_CIMUNIC-09co25d605dAM.pdf;""
E753;LURATE CACCIVIO;48;19/12/2024;02/01/2025;CO;Lombardia;190408_CIMUNIC-09co25e753d.pdf;190408_CIMUNIC-09co25e753dAM.pdf;""
F151;MERONE;11;27/02/2025;30/09/2025;CO;Lombardia;194827_CIMUNIC-09co25f151d.pdf;194827_CIMUNIC-09co25f151dAM.pdf;""
F564;MONTEMEZZO;19;18/12/2024;19/12/2024;CO;Lombardia;190315_CIMUNIC-09co25f564d.pdf;190315_CIMUNIC-09co25f564dAM.pdf;""
B679;CAPPELLA CANTONE;5;28/03/2024;02/12/2025;CR;Lombardia;195963_CIMUNIC-09cr25b679d.pdf;195963_CIMUNIC-09cr25b679dAM.pdf;""
D150;CREMONA;57;19/12/2024;15/01/2025;CR;Lombardia;190855_CIMUNIC-09cr25d150d.pdf;190855_CIMUNIC-09cr25d150dAM.pdf;""
B396;CALCO;37;18/12/2024;05/02/2025;LC;Lombardia;191237_CIMUNIC-09lc25b396d.pdf;191237_CIMUNIC-09lc25b396dAM.pdf;""
C839;COLICO;36;21/12/2024;17/01/2025;LC;Lombardia;190905_CIMUNIC-09lc25c839d.pdf;190905_CIMUNIC-09lc25c839dAM.pdf;""
F248;MISSAGLIA;5;23/01/2025;03/03/2025;LC;Lombardia;;191785_CIMUNIC-09lc25f248dAM.pdf;""
G485;PESCATE;41;17/12/2024;13/03/2025;LC;Lombardia;;192055_CIMUNIC-09lc25g485dAM.pdf;"IMU - VALORI AREE FABBRICABILI"
B910;CASALPUSTERLENGO;51;18/12/2024;11/02/2025;LO;Lombardia;191403_CIMUNIC-09lo25b910d.pdf;191403_CIMUNIC-09lo25b910dAM.pdf;""
C304;CASTIGLIONE D'ADDA;45;16/12/2024;24/01/2025;LO;Lombardia;;191052_CIMUNIC-09lo25c304dAM.pdf;"IMU - VALORI AREE FABBRICABILI"
C816;CODOGNO;57;29/09/2025;01/12/2025;LO;Lombardia;195964_CIMUNIC-09lo25c816d.pdf;195964_CIMUNIC-09lo25c816dAM.pdf;""
D021;CORNEGLIANO LAUDENSE;56;20/12/2024;05/03/2025;LO;Lombardia;191810_CIMUNIC-09lo25d021d.pdf;191810_CIMUNIC-09lo25d021dAM.pdf;""
E627;LIVRAGA;8;27/02/2025;12/03/2025;LO;Lombardia;192022_CIMUNIC-09lo25e627d.pdf;192022_CIMUNIC-09lo25e627dAM.pdf;""
E648;LODI;117;23/12/2024;27/01/2025;LO;Lombardia;191076_CIMUNIC-09lo25e648d.pdf;191076_CIMUNIC-09lo25e648dAM.pdf;""
G107;ORIO LITTA;7;28/02/2025;17/04/2025;LO;Lombardia;192467_CIMUNIC-09lo25g107d.pdf;192467_CIMUNIC-09lo25g107dAM.pdf;""
G166;OSPEDALETTO LODIGIANO;44;17/12/2024;13/01/2025;LO;Lombardia;190719_CIMUNIC-09lo25g166d.pdf;190719_CIMUNIC-09lo25g166dAM.pdf;""
I612;SENNA LODIGIANA;3;27/02/2025;12/03/2025;LO;Lombardia;191917_CIMUNIC-09lo25i612d.pdf;191917_CIMUNIC-09lo25i612dAM.pdf;""
A376;ARCORE;65;19/12/2024;08/10/2025;MB;Lombardia;194870_CIMUNIC-09mb25a376d.pdf;194870_CIMUNIC-09mb25a376dAM.pdf;""
A759;BELLUSCO;65;20/12/2024;14/01/2025;MB;Lombardia;190846_CIMUNIC-09mb25a759d.pdf;190846_CIMUNIC-09mb25a759dAM.pdf;""
C952;CONCOREZZO;20;31/03/2025;16/04/2025;MB;Lombardia;192563_CIMUNIC-09mb25c952d.pdf;192563_CIMUNIC-09mb25c952dAM.pdf;""
A389;ARESE;90;17/12/2024;23/12/2024;MI;Lombardia;190354_CIMUNIC-09mi25a389d.pdf;190354_CIMUNIC-09mi25a389dAM.pdf;""
E395;LACCHIARELLA;3;28/02/2025;25/03/2025;MI;Lombardia;192252_CIMUNIC-09mi25e395d.pdf;192252_CIMUNIC-09mi25e395dAM.pdf;""
F783;MOTTA VISCONTI;4;26/02/2025;27/03/2025;MI;Lombardia;192284_CIMUNIC-09mi25f783d.pdf;192284_CIMUNIC-09mi25f783dAM.pdf;""
G078;OPERA;2;26/02/2025;12/11/2025;MI;Lombardia;195623_CIMUNIC-09mi25g078d.pdf;195623_CIMUNIC-09mi25g078dAM.pdf;""
H240;RESCALDINA;62;20/12/2024;04/02/2025;MI;Lombardia;191259_CIMUNIC-09mi25h240d.pdf;191259_CIMUNIC-09mi25h240dAM.pdf;""
H930;SAN GIULIANO MILANESE;42;25/11/2024;12/03/2025;MI;Lombardia;191992_CIMUNIC-09mi25h930d.pdf;191992_CIMUNIC-09mi25h930dAM.pdf;""
M340;BORGO VIRGILIO;74;20/12/2024;04/03/2025;MN;Lombardia;191822_CIMUNIC-09mn25m340d.pdf;191822_CIMUNIC-09mn25m340dAM.pdf;""
B110;BOZZOLO;41;23/12/2024;21/02/2025;MN;Lombardia;191653_CIMUNIC-09mn25b110d.pdf;191653_CIMUNIC-09mn25b110dAM.pdf;""
E897;MANTOVA;71;17/12/2024;02/01/2025;MN;Lombardia;190466_CIMUNIC-09mn25e897d.pdf;190466_CIMUNIC-09mn25e897dAM.pdf;""
E922;MARCARIA;65;17/12/2024;20/01/2025;MN;Lombardia;190966_CIMUNIC-09mn25e922d.pdf;190966_CIMUNIC-09mn25e922dAM.pdf;""
B012;MOTTEGGIANA;51;23/12/2024;24/03/2025;MN;Lombardia;192244_CIMUNIC-09mn25b012d.pdf;192244_CIMUNIC-09mn25b012dAM.pdf;""
G417;PEGOGNAGA;73;30/12/2024;13/01/2025;MN;Lombardia;190707_CIMUNIC-09mn25g417d.pdf;190707_CIMUNIC-09mn25g417dAM.pdf;""
H218;REDONDESCO;42;19/12/2024;13/01/2025;MN;Lombardia;190772_CIMUNIC-09mn25h218d.pdf;190772_CIMUNIC-09mn25h218dAM.pdf;""
L020;SUZZARA;97;28/12/2024;30/01/2025;MN;Lombardia;191183_CIMUNIC-09mn25l020d.pdf;191183_CIMUNIC-09mn25l020dAM.pdf;""
A690;BASCAPE';4;26/02/2025;24/03/2025;PV;Lombardia;192246_CIMUNIC-09pv25a690d.pdf;192246_CIMUNIC-09pv25a690dAM.pdf;""
A989;BORGARELLO;3;26/02/2025;18/09/2025;PV;Lombardia;194552_CIMUNIC-09pv25a989d.pdf;194552_CIMUNIC-09pv25a989dAM.pdf;""
B567;CAMPOSPINOSO ALBAREDO;3;27/02/2025;13/03/2025;PV;Lombardia;191987_CIMUNIC-09pv25b567d.pdf;191987_CIMUNIC-09pv25b567dAM.pdf;""
B613;CANNETO PAVESE;36;12/12/2024;21/07/2025;PV;Lombardia;193826_CIMUNIC-09pv25b613d.pdf;193826_CIMUNIC-09pv25b613dAM.pdf;""
C038;CASSOLNOVO;59;19/12/2024;18/02/2025;PV;Lombardia;;191544_CIMUNIC-09pv25c038dAM.pdf;"TESTO REGOLAMENTO INSERITO NEL FILE DELLA DELIBERA"
C050;CASTANA;37;10/12/2024;21/07/2025;PV;Lombardia;193825_CIMUNIC-09pv25c050d.pdf;193825_CIMUNIC-09pv25c050dAM.pdf;""
C637;CHIGNOLO PO;11;26/02/2025;09/10/2025;PV;Lombardia;194972_CIMUNIC-09pv25c637d.pdf;194972_CIMUNIC-09pv25c637dAM.pdf;""
M372;CORTEOLONA E GENZONE;7;27/02/2025;19/03/2025;PV;Lombardia;192165_CIMUNIC-09pv25m372d.pdf;192165_CIMUNIC-09pv25m372dAM.pdf;""
B824;CURA CARPIGNANO;2;28/02/2025;06/03/2025;PV;Lombardia;191913_CIMUNIC-09pv25b824d.pdf;191913_CIMUNIC-09pv25b824dAM.pdf;""
D901;GAMBOLO';25;16/04/2025;14/05/2025;PV;Lombardia;192883_CIMUNIC-09pv25d901d.pdf;192883_CIMUNIC-09pv25d901dAM.pdf;""
E195;GROPELLO CAIROLI;7;26/02/2025;26/03/2025;PV;Lombardia;192189_CIMUNIC-09pv25e195d.pdf;192189_CIMUNIC-09pv25e195dAM.pdf;""
F080;MEDE;97;19/12/2024;07/03/2025;PV;Lombardia;191924_CIMUNIC-09pv25f080d.pdf;191924_CIMUNIC-09pv25f080dAM.pdf;""
G342;PARONA;42;17/12/2024;04/09/2025;PV;Lombardia;194465_CIMUNIC-09pv25g342d.pdf;194465_CIMUNIC-09pv25g342dAM.pdf;""
G895;PORTALBERA;4;28/02/2025;12/03/2025;PV;Lombardia;191995_CIMUNIC-09pv25g895d.pdf;191995_CIMUNIC-09pv25g895dAM.pdf;""
H246;RETORBIDO;2;26/02/2025;17/04/2025;PV;Lombardia;192603_CIMUNIC-09pv25h246d.pdf;192603_CIMUNIC-09pv25h246dAM.pdf;""
H336;RIVANAZZANO TERME;2;27/02/2025;15/04/2025;PV;Lombardia;192546_CIMUNIC-09pv25h336d.pdf;192546_CIMUNIC-09pv25h336dAM.pdf;""
I014;SAN MARTINO SICCOMARIO;4;25/02/2025;18/03/2025;PV;Lombardia;192091_CIMUNIC-09pv25i014d.pdf;192091_CIMUNIC-09pv25i014dAM.pdf;""
I048;SANNAZZARO DE' BURGONDI;11;15/04/2025;12/06/2025;PV;Lombardia;;193463_CIMUNIC-09pv25i048dAM.pdf;""
I236;TRAVACO' SICCOMARIO;4;26/02/2025;06/08/2025;PV;Lombardia;194203_CIMUNIC-09pv25i236d.pdf;194203_CIMUNIC-09pv25i236dAM.pdf;""
M152;ZECCONE;2;26/02/2025;26/03/2025;PV;Lombardia;192276_CIMUNIC-09pv25m152d.pdf;192276_CIMUNIC-09pv25m152dAM.pdf;""
M162;ZENEVREDO;5;25/02/2025;03/03/2025;PV;Lombardia;191845_CIMUNIC-09pv25m162d.pdf;191845_CIMUNIC-09pv25m162dAM.pdf;""
M180;ZINASCO;2;25/02/2025;17/03/2025;PV;Lombardia;192131_CIMUNIC-09pv25m180d.pdf;192131_CIMUNIC-09pv25m180dAM.pdf;""
B993;CASPOGGIO;23;25/11/2024;05/12/2024;SO;Lombardia;190007_CIMUNIC-09so25b993d.pdf;190007_CIMUNIC-09so25b993dAM.pdf;""
C628;CHIESA IN VALMALENCO;1;18/02/2025;21/02/2025;SO;Lombardia;191647_CIMUNIC-09so25c628d.pdf;191647_CIMUNIC-09so25c628dAM.pdf;""
E443;LANZADA;1;27/01/2025;07/02/2025;SO;Lombardia;191311_CIMUNIC-09so25e443d.pdf;191311_CIMUNIC-09so25e443dAM.pdf;""
C810;COCQUIO-TREVISAGO;24;30/12/2024;10/01/2025;VA;Lombardia;;190630_CIMUNIC-09va25c810dAM.pdf;"IMU - VALORI AREE FABBRICABILI"
D869;GALLARATE;50;19/12/2024;20/01/2025;VA;Lombardia;190802_CIMUNIC-09va25d869d.pdf;190802_CIMUNIC-09va25d869dAM.pdf;""
E863;MALNATE;79;23/12/2024;18/03/2025;VA;Lombardia;;192059_CIMUNIC-09va25e863dAM.pdf;"IMU - VALORI AREE FABBRICABILI"
H736;SAMARATE;63;18/12/2024;07/02/2025;VA;Lombardia;191325_CIMUNIC-09va25h736d.pdf;191325_CIMUNIC-09va25h736dAM.pdf;""
A769;BELVEDERE OSTRENSE;49;23/12/2024;13/10/2025;AN;Marche;;195077_CIMUNIC-10an25a769dAM.pdf;"IMU - VALORI AREE FABBRICABILI"
G771;POGGIO SAN MARCELLO;36;18/11/2024;22/11/2024;AN;Marche;189683_CIMUNIC-10an25g771d.pdf;189683_CIMUNIC-10an25g771dAM.pdf;""
C093;CASTEL DI LAMA;43;27/12/2024;10/09/2025;AP;Marche;194547_CIMUNIC-10ap25c093d.pdf;194547_CIMUNIC-10ap25c093dAM.pdf;""
E207;GROTTAMMARE;135;30/12/2024;10/04/2025;AP;Marche;192463_CIMUNIC-10ap25e207d.pdf;192463_CIMUNIC-10ap25e207dAM.pdf;""
F380;MONSAMPOLO DEL TRONTO;3;28/02/2025;19/03/2025;AP;Marche;192163_CIMUNIC-10ap25f380d.pdf;192163_CIMUNIC-10ap25f380dAM.pdf;""
F591;MONTEPRANDONE;79;21/12/2024;10/01/2025;AP;Marche;190633_CIMUNIC-10ap25f591d.pdf;190633_CIMUNIC-10ap25f591dAM.pdf;""
F348;MONDOLFO;94;23/12/2024;04/03/2025;PU;Marche;191825_CIMUNIC-10pu25f348d.pdf;191825_CIMUNIC-10pu25f348dAM.pdf;""
L500;URBINO;106;27/12/2024;28/04/2025;PU;Marche;192669_CIMUNIC-10pu25l500d.pdf;192669_CIMUNIC-10pu25l500dAM.pdf;""
L505;URURI;10;25/02/2025;03/03/2025;CB;Molise;191826_CIMUNIC-11cb25l505d.pdf;191826_CIMUNIC-11cb25l505dAM.pdf;""
D811;FROSOLONE;41;30/12/2024;21/02/2025;IS;Molise;191627_CIMUNIC-11is25d811d.pdf;191627_CIMUNIC-11is25d811dAM.pdf;""
A182;ALESSANDRIA;127;05/12/2024;23/01/2025;AL;Piemonte;191004_CIMUNIC-12al25a182d.pdf;191004_CIMUNIC-12al25a182dAM.pdf;""
A182;ALESSANDRIA;127;05/12/2024;18/12/2024;AL;Piemonte;190265_CIMUNIC-12al25a182d.pdf;190265_CIMUNIC-12al25a182dAM.pdf;""
A689;BASALUZZO;32;14/11/2024;03/12/2024;AL;Piemonte;189605_CIMUNIC-12al25a689d.pdf;189605_CIMUNIC-12al25a689dAM.pdf;""
C162;CASTELLETTO MONFERRATO;14;13/12/2024;06/10/2025;AL;Piemonte;194923_CIMUNIC-12al25c162d.pdf;194923_CIMUNIC-12al25c162dAM.pdf;""
D528;FELIZZANO;2;05/02/2025;03/06/2025;AL;Piemonte;193264_CIMUNIC-12al25d528d.pdf;193264_CIMUNIC-12al25d528dAM.pdf;""
E255;GUAZZORA;11;14/05/2025;20/05/2025;AL;Piemonte;193003_CIMUNIC-12al25e255d.pdf;193003_CIMUNIC-12al25e255dAM.pdf;""
F965;NOVI LIGURE;60;18/12/2024;18/03/2025;AL;Piemonte;;192150_CIMUNIC-12al25f965dAM.pdf;""
I711;SEZZADIO;4;17/03/2025;28/03/2025;AL;Piemonte;192303_CIMUNIC-12al25i711d.pdf;192303_CIMUNIC-12al25i711dAM.pdf;""
A479;ASTI;37;16/12/2024;06/03/2025;AT;Piemonte;191911_CIMUNIC-12at25a479d.pdf;191911_CIMUNIC-12at25a479dAM.pdf;""
L829;VIALE;22;27/12/2024;17/01/2025;AT;Piemonte;190948_CIMUNIC-12at25l829d.pdf;190948_CIMUNIC-12at25l829dAM.pdf;""
I980;STRONA;90;14/12/2024;29/01/2025;BI;Piemonte;;191152_CIMUNIC-12bi25i980dAM.pdf;"IMU - VALORI AREE FABBRICABILI"
L785;VERRONE;4;28/02/2025;24/06/2025;BI;Piemonte;193643_CIMUNIC-12bi25l785d.pdf;193643_CIMUNIC-12bi25l785dAM.pdf;""
L880;VIGLIANO BIELLESE;6;27/02/2025;27/03/2025;BI;Piemonte;192286_CIMUNIC-12bi25l880d.pdf;192286_CIMUNIC-12bi25l880dAM.pdf;""
L880;VIGLIANO BIELLESE;6;27/02/2025;28/03/2025;BI;Piemonte;192288_CIMUNIC-12bi25l880d.pdf;192288_CIMUNIC-12bi25l880dAM.pdf;""
B573;CANALE;33;31/07/2024;21/10/2024;CN;Piemonte;189092_CIMUNIC-12cn25b573d.pdf;189092_CIMUNIC-12cn25b573dAM.pdf;""
C376;CAVALLERMAGGIORE;41;18/12/2024;21/01/2025;CN;Piemonte;190985_CIMUNIC-12cn25c376d.pdf;190985_CIMUNIC-12cn25c376dAM.pdf;""
D093;COSSANO BELBO;9;28/04/2025;03/09/2025;CN;Piemonte;194443_CIMUNIC-12cn25d093d.pdf;194443_CIMUNIC-12cn25d093dAM.pdf;""
D742;FOSSANO;5;31/01/2025;09/06/2025;CN;Piemonte;193386_CIMUNIC-12cn25d742d.pdf;193386_CIMUNIC-12cn25d742dAM.pdf;""
D742;FOSSANO;98;27/12/2024;10/06/2025;CN;Piemonte;193423_CIMUNIC-12cn25d742d.pdf;193423_CIMUNIC-12cn25d742dAM.pdf;""
G697;PIOZZO;48;30/12/2024;04/09/2025;CN;Piemonte;194452_CIMUNIC-12cn25g697d.pdf;194452_CIMUNIC-12cn25g697dAM.pdf;""
I817;SOMANO;29;12/12/2024;09/09/2025;CN;Piemonte;194546_CIMUNIC-12cn25i817d.pdf;194546_CIMUNIC-12cn25i817dAM.pdf;""
B473;CAMERI;35;21/12/2024;10/01/2025;NO;Piemonte;190708_CIMUNIC-12no25b473d.pdf;190708_CIMUNIC-12no25b473dAM.pdf;""
E907;MARANO TICINO;32;30/12/2024;17/01/2025;NO;Piemonte;;190950_CIMUNIC-12no25e907dAM.pdf;""
F188;MEZZOMERICO;31;19/12/2024;03/02/2025;NO;Piemonte;;191179_CIMUNIC-12no25f188dAM.pdf;""
G019;OLEGGIO;51;21/12/2024;15/01/2025;NO;Piemonte;190731_CIMUNIC-12no25g019d.pdf;190731_CIMUNIC-12no25g019dAM.pdf;""
A591;BALDISSERO TORINESE;31;21/11/2024;14/02/2025;TO;Piemonte;191507_CIMUNIC-12to25a591d.pdf;191507_CIMUNIC-12to25a591dAM.pdf;""
B003;BORGIALLO;33;17/12/2024;15/01/2025;TO;Piemonte;190765_CIMUNIC-12to25b003d.pdf;190765_CIMUNIC-12to25b003dAM.pdf;""
B435;CALUSO;58;25/11/2024;14/01/2025;TO;Piemonte;190635_CIMUNIC-12to25b435d.pdf;190635_CIMUNIC-12to25b435dAM.pdf;""
C627;CHIERI;81;19/12/2024;21/01/2025;TO;Piemonte;191028_CIMUNIC-12to25c627d.pdf;191028_CIMUNIC-12to25c627dAM.pdf;""
C665;CHIVASSO;105;18/12/2024;15/05/2025;TO;Piemonte;192884_CIMUNIC-12to25c665d.pdf;192884_CIMUNIC-12to25c665dAM.pdf;""
D008;CORIO;7;28/02/2025;08/10/2025;TO;Piemonte;195013_CIMUNIC-12to25d008d.pdf;195013_CIMUNIC-12to25d008dAM.pdf;""
D202;CUMIANA;5;13/02/2025;18/03/2025;TO;Piemonte;192086_CIMUNIC-12to25d202d.pdf;192086_CIMUNIC-12to25d202dAM.pdf;""
D562;FIANO;22;01/07/2024;25/06/2025;TO;Piemonte;193664_CIMUNIC-12to25d562d.pdf;193664_CIMUNIC-12to25d562dAM.pdf;""
E394;LA CASSA;42;19/12/2024;31/07/2025;TO;Piemonte;194143_CIMUNIC-12to25e394d.pdf;194143_CIMUNIC-12to25e394dAM.pdf;""
F422;MONTANARO;60;18/12/2024;23/01/2025;TO;Piemonte;191065_CIMUNIC-12to25f422d.pdf;191065_CIMUNIC-12to25f422dAM.pdf;""
F889;NICHELINO;14;20/02/2025;04/04/2025;TO;Piemonte;192409_CIMUNIC-12to25f889d.pdf;192409_CIMUNIC-12to25f889dAM.pdf;""
H337;RIVA PRESSO CHIERI;52;23/12/2024;03/03/2025;TO;Piemonte;191829_CIMUNIC-12to25h337d.pdf;191829_CIMUNIC-12to25h337dAM.pdf;""
H775;SAN BENIGNO CANAVESE;45;20/12/2024;10/10/2025;TO;Piemonte;195071_CIMUNIC-12to25h775d.pdf;195071_CIMUNIC-12to25h775dAM.pdf;""
H847;SAN FRANCESCO AL CAMPO;52;18/12/2024;15/01/2025;TO;Piemonte;190723_CIMUNIC-12to25h847d.pdf;190723_CIMUNIC-12to25h847dAM.pdf;""
H855;SANGANO;5;26/02/2025;10/10/2025;TO;Piemonte;195079_CIMUNIC-12to25h855d.pdf;195079_CIMUNIC-12to25h855dAM.pdf;""
A834;BEURA-CARDEZZA;26;06/12/2024;03/01/2025;VB;Piemonte;190551_CIMUNIC-12vb25a834d.pdf;190551_CIMUNIC-12vb25a834dAM.pdf;""
A198;ALICE CASTELLO;39;23/12/2024;17/06/2025;VC;Piemonte;193523_CIMUNIC-12vc25a198d.pdf;193523_CIMUNIC-12vc25a198dAM.pdf;""
A847;BIANZE';37;17/12/2024;13/06/2025;VC;Piemonte;193466_CIMUNIC-12vc25a847d.pdf;193466_CIMUNIC-12vc25a847dAM.pdf;""
D154;CRESCENTINO;6;27/02/2025;04/09/2025;VC;Piemonte;194470_CIMUNIC-12vc25d154d.pdf;194470_CIMUNIC-12vc25d154dAM.pdf;""
L750;VERCELLI;75;28/11/2024;31/01/2025;VC;Piemonte;191211_CIMUNIC-12vc25l750d.pdf;191211_CIMUNIC-12vc25l750dAM.pdf;""
A662;BARI;13;25/02/2025;19/03/2025;BA;Puglia;192157_CIMUNIC-13ba25a662d.pdf;192157_CIMUNIC-13ba25a662dAM.pdf;""
A893;BITONTO;115;19/12/2024;18/02/2025;BA;Puglia;191515_CIMUNIC-13ba25a893d.pdf;191515_CIMUNIC-13ba25a893dAM.pdf;""
A893;BITONTO;115;19/12/2024;11/03/2025;BA;Puglia;191773_CIMUNIC-13ba25a893d.pdf;191773_CIMUNIC-13ba25a893dAM.pdf;"ERRATA CORRIGE"
F284;MOLFETTA;41;09/12/2024;17/01/2025;BA;Puglia;190933_CIMUNIC-13ba25f284d.pdf;190933_CIMUNIC-13ba25f284dAM.pdf;""
A883;BISCEGLIE;10;06/03/2025;27/03/2025;BT;Puglia;192277_CIMUNIC-13bt25a883d.pdf;192277_CIMUNIC-13bt25a883dAM.pdf;""
L328;TRANI;77;18/12/2024;14/01/2025;BT;Puglia;190824_CIMUNIC-13bt25l328d.pdf;190824_CIMUNIC-13bt25l328dAM.pdf;""
A854;BICCARI;39;23/12/2024;13/02/2025;FG;Puglia;191474_CIMUNIC-13fg25a854d.pdf;191474_CIMUNIC-13fg25a854dAM.pdf;""
F194;MIGGIANO;36;30/12/2024;19/02/2025;LE;Puglia;191585_CIMUNIC-13le25f194d.pdf;191585_CIMUNIC-13le25f194dAM.pdf;""
H409;ROCCAFORZATA;12;05/05/2025;19/05/2025;TA;Puglia;192925_CIMUNIC-13ta25h409d.pdf;192925_CIMUNIC-13ta25h409dAM.pdf;""
M298;STATTE;53;13/11/2024;03/04/2025;TA;Puglia;;192387_CIMUNIC-13ta25m298dAM.pdf;""
L521;UTA;8;20/02/2025;03/03/2025;CA;Sardegna;191769_CIMUNIC-14ca25l521d.pdf;191769_CIMUNIC-14ca25l521dAM.pdf;""
I851;SORGONO;22;21/12/2024;10/10/2025;NU;Sardegna;195033_CIMUNIC-14nu25i851d.pdf;195033_CIMUNIC-14nu25i851dAM.pdf;""
B281;BUSACHI;27;18/12/2024;16/01/2025;OR;Sardegna;190851_CIMUNIC-14or25b281d.pdf;190851_CIMUNIC-14or25b281dAM.pdf;""
F208;MILIS;33;19/12/2024;07/01/2025;OR;Sardegna;190508_CIMUNIC-14or25f208d.pdf;190508_CIMUNIC-14or25f208dAM.pdf;""
L393;TRESNURAGHES;47;31/12/2024;16/01/2025;OR;Sardegna;190867_CIMUNIC-14or25l393d.pdf;190867_CIMUNIC-14or25l393dAM.pdf;""
B064;BORUTTA;49;28/12/2024;18/02/2025;SS;Sardegna;191554_CIMUNIC-14ss25b064d.pdf;191554_CIMUNIC-14ss25b064dAM.pdf;""
B265;BULZI;21;11/12/2024;20/01/2025;SS;Sardegna;190934_CIMUNIC-14ss25b265d.pdf;190934_CIMUNIC-14ss25b265dAM.pdf;""
M292;ERULA;33;23/12/2024;18/02/2025;SS;Sardegna;191552_CIMUNIC-14ss25m292d.pdf;191552_CIMUNIC-14ss25m292dAM.pdf;""
I312;SANTA TERESA GALLURA;41;19/12/2024;07/01/2025;SS;Sardegna;190463_CIMUNIC-14ss25i312d.pdf;190463_CIMUNIC-14ss25i312dAM.pdf;""
D430;ESCALAPLANO;30;06/12/2024;10/03/2025;SU;Sardegna;191871_CIMUNIC-14su25d430d.pdf;191871_CIMUNIC-14su25d430dAM.pdf;""
F991;NUXIS;3;12/05/2025;22/07/2025;SU;Sardegna;;193803_CIMUNIC-14su25f991dAM.pdf;"IMU - VALORI AREE FABBRICABILI"
L463;TUILI;36;16/12/2024;12/02/2025;SU;Sardegna;191354_CIMUNIC-14su25l463d.pdf;191354_CIMUNIC-14su25l463dAM.pdf;""
H922;SAN GIOVANNI LA PUNTA;3;26/02/2025;06/03/2025;CT;Sicilia;191912_CIMUNIC-15ct25h922d.pdf;191912_CIMUNIC-15ct25h922dAM.pdf;""
M100;VIZZINI;41;20/12/2024;03/01/2025;CT;Sicilia;190509_CIMUNIC-15ct25m100d.pdf;190509_CIMUNIC-15ct25m100dAM.pdf;""
A203;ALIMINUSA;3;28/01/2025;20/02/2025;PA;Sicilia;;191391_CIMUNIC-15pa25a203dAM.pdf;"COMUNE CON DELIBERA DI DISSESTO"
F553;MONTEMAGGIORE BELSITO;42;30/12/2024;18/02/2025;PA;Sicilia;191564_CIMUNIC-15pa25f553d.pdf;191564_CIMUNIC-15pa25f553dAM.pdf;""
I188;SANTA FLAVIA;87;28/11/2024;11/12/2024;PA;Sicilia;190172_CIMUNIC-15pa25i188d.pdf;190172_CIMUNIC-15pa25i188dAM.pdf;""
I534;SCIARA;3;20/02/2025;28/04/2025;PA;Sicilia;192663_CIMUNIC-15pa25i534d.pdf;192663_CIMUNIC-15pa25i534dAM.pdf;""
L332;TRAPPETO;3;31/01/2025;20/08/2025;PA;Sicilia;194245_CIMUNIC-15pa25l332d.pdf;194245_CIMUNIC-15pa25l332dAM.pdf;""
A390;AREZZO;119;19/12/2024;03/04/2025;AR;Toscana;192385_CIMUNIC-16ar25a390d.pdf;192385_CIMUNIC-16ar25a390dAM.pdf;""
C319;CASTIGLION FIORENTINO;93;20/12/2024;24/04/2025;AR;Toscana;192668_CIMUNIC-16ar25c319d.pdf;192668_CIMUNIC-16ar25c319dAM.pdf;""
D077;CORTONA;89;20/12/2024;13/01/2025;AR;Toscana;190675_CIMUNIC-16ar25d077d.pdf;190675_CIMUNIC-16ar25d077dAM.pdf;""
D649;FOIANO DELLA CHIANA;58;20/12/2024;24/01/2025;AR;Toscana;191079_CIMUNIC-16ar25d649d.pdf;191079_CIMUNIC-16ar25d649dAM.pdf;""
F628;MONTE SAN SAVINO;86;17/12/2024;20/08/2025;AR;Toscana;194326_CIMUNIC-16ar25f628d.pdf;194326_CIMUNIC-16ar25f628dAM.pdf;""
I155;SANSEPOLCRO;6;27/01/2025;03/02/2025;AR;Toscana;191175_CIMUNIC-16ar25i155d.pdf;191175_CIMUNIC-16ar25i155dAM.pdf;""
A564;BAGNO A RIPOLI;111;19/12/2024;07/02/2025;FI;Toscana;191310_CIMUNIC-16fi25a564d.pdf;191310_CIMUNIC-16fi25a564dAM.pdf;""
B406;CALENZANO;150;23/12/2024;14/01/2025;FI;Toscana;190735_CIMUNIC-16fi25b406d.pdf;190735_CIMUNIC-16fi25b406dAM.pdf;""
B684;CAPRAIA E LIMITE;71;20/12/2024;15/01/2025;FI;Toscana;190874_CIMUNIC-16fi25b684d.pdf;190874_CIMUNIC-16fi25b684dAM.pdf;""
D299;DICOMANO;7;13/01/2025;28/01/2025;FI;Toscana;191104_CIMUNIC-16fi25d299d.pdf;191104_CIMUNIC-16fi25d299dAM.pdf;""
M321;FIGLINE E INCISA VALDARNO;92;20/12/2024;11/09/2025;FI;Toscana;194683_CIMUNIC-16fi25m321d.pdf;194683_CIMUNIC-16fi25m321dAM.pdf;""
H222;REGGELLO;82;23/12/2024;12/03/2025;FI;Toscana;192007_CIMUNIC-16fi25h222d.pdf;192007_CIMUNIC-16fi25h222dAM.pdf;""
B962;SCANDICCI;123;19/12/2024;08/01/2025;FI;Toscana;190605_CIMUNIC-16fi25b962d.pdf;190605_CIMUNIC-16fi25b962dAM.pdf;""
I728;SIGNA;101;19/12/2024;07/01/2025;FI;Toscana;190406_CIMUNIC-16fi25i728d.pdf;190406_CIMUNIC-16fi25i728dAM.pdf;""
B509;CAMPIGLIA MARITTIMA;8;21/02/2025;05/03/2025;LI;Toscana;191874_CIMUNIC-16li25b509d.pdf;191874_CIMUNIC-16li25b509dAM.pdf;""
H570;ROSIGNANO MARITTIMO;145;30/12/2024;04/02/2025;LI;Toscana;191187_CIMUNIC-16li25h570d.pdf;191187_CIMUNIC-16li25h570dAM.pdf;""
H570;ROSIGNANO MARITTIMO;26;26/02/2025;03/04/2025;LI;Toscana;192305_CIMUNIC-16li25h570d.pdf;192305_CIMUNIC-16li25h570dAM.pdf;""
A241;ALTOPASCIO;10;17/04/2025;03/11/2025;LU;Toscana;195365_CIMUNIC-16lu25a241d.pdf;195365_CIMUNIC-16lu25a241dAM.pdf;""
A241;ALTOPASCIO;57;23/12/2024;03/11/2025;LU;Toscana;195364_CIMUNIC-16lu25a241d.pdf;195364_CIMUNIC-16lu25a241dAM.pdf;""
B557;CAMPORGIANO;11;27/02/2025;11/12/2025;LU;Toscana;196123_CIMUNIC-16lu25b557d.pdf;196123_CIMUNIC-16lu25b557dAM.pdf;""
B648;CAPANNORI;10;25/02/2025;07/03/2025;LU;Toscana;191918_CIMUNIC-16lu25b648d.pdf;191918_CIMUNIC-16lu25b648dAM.pdf;""
C996;COREGLIA ANTELMINELLI;10;26/02/2025;05/03/2025;LU;Toscana;191781_CIMUNIC-16lu25c996d.pdf;191781_CIMUNIC-16lu25c996dAM.pdf;""
I622;SERAVEZZA;64;28/11/2024;16/01/2025;LU;Toscana;190895_CIMUNIC-16lu25i622d.pdf;190895_CIMUNIC-16lu25i622dAM.pdf;""
B832;CARRARA;104;27/12/2024;13/01/2025;MS;Toscana;190730_CIMUNIC-16ms25b832d.pdf;190730_CIMUNIC-16ms25b832dAM.pdf;""
M327;CASCIANA TERME LARI;58;30/12/2024;05/06/2025;PI;Toscana;193284_CIMUNIC-16pi25m327d.pdf;193284_CIMUNIC-16pi25m327dAM.pdf;""
E250;GUARDISTALLO;43;30/12/2024;02/04/2025;PI;Toscana;192354_CIMUNIC-16pi25e250d.pdf;192354_CIMUNIC-16pi25e250dAM.pdf;""
F661;MONTEVERDI MARITTIMO;43;29/12/2023;28/03/2025;PI;Toscana;192291_CIMUNIC-16pi25f661d.pdf;192291_CIMUNIC-16pi25f661dAM.pdf;""
F686;MONTOPOLI IN VAL D'ARNO;64;30/12/2024;16/01/2025;PI;Toscana;190888_CIMUNIC-16pi25f686d.pdf;190888_CIMUNIC-16pi25f686dAM.pdf;""
A562;SAN GIULIANO TERME;100;19/12/2024;19/03/2025;PI;Toscana;191835_CIMUNIC-16pi25a562d.pdf;191835_CIMUNIC-16pi25a562dAM.pdf;""
I177;SANTA CROCE SULL'ARNO;5;21/02/2025;24/07/2025;PI;Toscana;193903_CIMUNIC-16pi25i177d.pdf;193903_CIMUNIC-16pi25i177dAM.pdf;""
M126;VOLTERRA;100;30/12/2024;27/03/2025;PI;Toscana;192278_CIMUNIC-16pi25m126d.pdf;192278_CIMUNIC-16pi25m126dAM.pdf;""
G754;POGGIO A CAIANO;96;30/12/2024;26/02/2025;PO;Toscana;191606_CIMUNIC-16po25g754d.pdf;191606_CIMUNIC-16po25g754dAM.pdf;""
B984;CASOLE D'ELSA;14;26/02/2025;08/09/2025;SI;Toscana;194485_CIMUNIC-16si25b984d.pdf;194485_CIMUNIC-16si25b984dAM.pdf;""
C587;CETONA;89;19/12/2024;13/01/2025;SI;Toscana;190716_CIMUNIC-16si25c587d.pdf;190716_CIMUNIC-16si25c587dAM.pdf;""
F815;MURLO;54;11/12/2024;15/01/2025;SI;Toscana;;190825_CIMUNIC-16si25f815dAM.pdf;"IMU - VALORI AREE FABBRICABILI"
H157;RADICONDOLI;19;29/04/2025;28/05/2025;SI;Toscana;193165_CIMUNIC-16si25h157d.pdf;193165_CIMUNIC-16si25h157dAM.pdf;""
A306;ANTERIVO;6;27/01/2025;30/10/2025;BZ;Trentino alto adige;195404_CIMUNIC-17bz25a306d.pdf;195404_CIMUNIC-17bz25a306dAM.pdf;""
A332;APPIANO SULLA STRADA DEL VINO;4;23/01/2025;21/02/2025;BZ;Trentino alto adige;191646_CIMUNIC-17bz25a332d.pdf;191646_CIMUNIC-17bz25a332dAM.pdf;""
A507;AVELENGO;5;24/02/2025;19/03/2025;BZ;Trentino alto adige;192155_CIMUNIC-17bz25a507d.pdf;192155_CIMUNIC-17bz25a507dAM.pdf;""
A537;BADIA;4;29/01/2025;05/02/2025;BZ;Trentino alto adige;;191267_CIMUNIC-17bz25a537dAM.pdf;""
A635;BARBIANO;3;28/01/2025;13/02/2025;BZ;Trentino alto adige;191398_CIMUNIC-17bz25a635d.pdf;191398_CIMUNIC-17bz25a635dAM.pdf;""
A952;BOLZANO;3;28/01/2025;05/02/2025;BZ;Trentino alto adige;191245_CIMUNIC-17bz25a952d.pdf;191245_CIMUNIC-17bz25a952dAM.pdf;""
B116;BRAIES;5;24/02/2025;04/04/2025;BZ;Trentino alto adige;192404_CIMUNIC-17bz25b116d.pdf;192404_CIMUNIC-17bz25b116dAM.pdf;""
B145;BRENNERO;7;29/01/2025;07/02/2025;BZ;Trentino alto adige;191314_CIMUNIC-17bz25b145d.pdf;191314_CIMUNIC-17bz25b145dAM.pdf;""
B203;BRONZOLO;5;26/02/2025;30/10/2025;BZ;Trentino alto adige;195525_CIMUNIC-17bz25b203d.pdf;195525_CIMUNIC-17bz25b203dAM.pdf;""
B220;BRUNICO;5;29/01/2025;10/03/2025;BZ;Trentino alto adige;191880_CIMUNIC-17bz25b220d.pdf;191880_CIMUNIC-17bz25b220dAM.pdf;""
B364;CAINES;3;26/02/2025;11/03/2025;BZ;Trentino alto adige;191983_CIMUNIC-17bz25b364d.pdf;191983_CIMUNIC-17bz25b364dAM.pdf;""
B397;CALDARO SULLA STRADA DEL VINO;4;27/01/2025;05/02/2025;BZ;Trentino alto adige;191242_CIMUNIC-17bz25b397d.pdf;191242_CIMUNIC-17bz25b397dAM.pdf;""
B570;CAMPO TURES;4;29/01/2025;05/03/2025;BZ;Trentino alto adige;191851_CIMUNIC-17bz25b570d.pdf;191851_CIMUNIC-17bz25b570dAM.pdf;""
C254;CASTELROTTO;3;29/01/2025;03/02/2025;BZ;Trentino alto adige;191225_CIMUNIC-17bz25c254d.pdf;191225_CIMUNIC-17bz25c254dAM.pdf;""
C652;CHIUSA;4;29/01/2025;31/01/2025;BZ;Trentino alto adige;191207_CIMUNIC-17bz25c652d.pdf;191207_CIMUNIC-17bz25c652dAM.pdf;""
B799;CORNEDO ALL'ISARCO;3;26/02/2025;05/03/2025;BZ;Trentino alto adige;191808_CIMUNIC-17bz25b799d.pdf;191808_CIMUNIC-17bz25b799dAM.pdf;""
D079;CORVARA IN BADIA;2;31/01/2025;06/02/2025;BZ;Trentino alto adige;191305_CIMUNIC-17bz25d079d.pdf;191305_CIMUNIC-17bz25d079dAM.pdf;""
D222;CURON VENOSTA;3;24/02/2025;05/03/2025;BZ;Trentino alto adige;191763_CIMUNIC-17bz25d222d.pdf;191763_CIMUNIC-17bz25d222dAM.pdf;""
D311;DOBBIACO;1/R;05/02/2025;19/03/2025;BZ;Trentino alto adige;192135_CIMUNIC-17bz25d311d.pdf;192135_CIMUNIC-17bz25d311dAM.pdf;""
D392;EGNA;5;21/01/2025;23/01/2025;BZ;Trentino alto adige;191069_CIMUNIC-17bz25d392d.pdf;191069_CIMUNIC-17bz25d392dAM.pdf;""
D484;FALZES;1;19/02/2025;17/03/2025;BZ;Trentino alto adige;192126_CIMUNIC-17bz25d484d.pdf;192126_CIMUNIC-17bz25d484dAM.pdf;""
D571;FIE' ALLO SCILIAR;6;06/02/2025;25/02/2025;BZ;Trentino alto adige;191651_CIMUNIC-17bz25d571d.pdf;191651_CIMUNIC-17bz25d571dAM.pdf;""
D821;FUNES;4;29/01/2025;19/02/2025;BZ;Trentino alto adige;191578_CIMUNIC-17bz25d821d.pdf;191578_CIMUNIC-17bz25d821dAM.pdf;""
D923;GARGAZZONE;3;26/02/2025;21/05/2025;BZ;Trentino alto adige;193023_CIMUNIC-17bz25d923d.pdf;193023_CIMUNIC-17bz25d923dAM.pdf;""
E398;LACES;4;30/01/2025;11/02/2025;BZ;Trentino alto adige;191396_CIMUNIC-17bz25e398d.pdf;191396_CIMUNIC-17bz25e398dAM.pdf;""
E412;LAGUNDO;2;30/01/2025;10/02/2025;BZ;Trentino alto adige;191362_CIMUNIC-17bz25e412d.pdf;191362_CIMUNIC-17bz25e412dAM.pdf;""
E420;LAION;4;27/01/2025;07/10/2025;BZ;Trentino alto adige;194958_CIMUNIC-17bz25e420d.pdf;194958_CIMUNIC-17bz25e420dAM.pdf;""
E434;LANA;2;30/01/2025;07/02/2025;BZ;Trentino alto adige;191315_CIMUNIC-17bz25e434d.pdf;191315_CIMUNIC-17bz25e434dAM.pdf;""
E457;LASA;10;05/02/2025;11/02/2025;BZ;Trentino alto adige;191408_CIMUNIC-17bz25e457d.pdf;191408_CIMUNIC-17bz25e457dAM.pdf;""
E481;LAUREGNO;2;25/02/2025;09/05/2025;BZ;Trentino alto adige;192795_CIMUNIC-17bz25e481d.pdf;192795_CIMUNIC-17bz25e481dAM.pdf;""
E829;MAGRE' SULLA STRADA DEL VINO;12;26/02/2025;18/03/2025;BZ;Trentino alto adige;192066_CIMUNIC-17bz25e829d.pdf;192066_CIMUNIC-17bz25e829dAM.pdf;""
E938;MAREBBE;2;31/01/2025;12/02/2025;BZ;Trentino alto adige;191428_CIMUNIC-17bz25e938d.pdf;191428_CIMUNIC-17bz25e938dAM.pdf;""
E981;MARTELLO;03;06/02/2025;11/02/2025;BZ;Trentino alto adige;191399_CIMUNIC-17bz25e981d.pdf;191399_CIMUNIC-17bz25e981dAM.pdf;""
F392;MONTAGNA SULLA STRADA DEL VINO;3;29/01/2025;31/01/2025;BZ;Trentino alto adige;191185_CIMUNIC-17bz25f392d.pdf;191185_CIMUNIC-17bz25f392dAM.pdf;""
F766;MOSO IN PASSIRIA;29;26/11/2024;21/01/2025;BZ;Trentino alto adige;191036_CIMUNIC-17bz25f766d.pdf;191036_CIMUNIC-17bz25f766dAM.pdf;""
F766;MOSO IN PASSIRIA;4;25/02/2025;12/03/2025;BZ;Trentino alto adige;191998_CIMUNIC-17bz25f766d.pdf;191998_CIMUNIC-17bz25f766dAM.pdf;""
F836;NALLES;7;13/02/2025;26/02/2025;BZ;Trentino alto adige;191731_CIMUNIC-17bz25f836d.pdf;191731_CIMUNIC-17bz25f836dAM.pdf;""
F849;NATURNO;6;27/01/2025;14/03/2025;BZ;Trentino alto adige;192058_CIMUNIC-17bz25f849d.pdf;192058_CIMUNIC-17bz25f849dAM.pdf;""
G083;ORA;3;26/02/2025;19/03/2025;BZ;Trentino alto adige;192146_CIMUNIC-17bz25g083d.pdf;192146_CIMUNIC-17bz25g083dAM.pdf;""
G140;ORTISEI;7;26/02/2025;14/03/2025;BZ;Trentino alto adige;192038_CIMUNIC-17bz25g140d.pdf;192038_CIMUNIC-17bz25g140dAM.pdf;""
G299;PLAUS;3;26/02/2025;06/03/2025;BZ;Trentino alto adige;191909_CIMUNIC-17bz25g299d.pdf;191909_CIMUNIC-17bz25g299dAM.pdf;""
G830;PONTE GARDENA;2;30/01/2025;14/10/2025;BZ;Trentino alto adige;195156_CIMUNIC-17bz25g830d.pdf;195156_CIMUNIC-17bz25g830dAM.pdf;""
H004;PRATO ALLO STELVIO;5;30/01/2025;10/03/2025;BZ;Trentino alto adige;191923_CIMUNIC-17bz25h004d.pdf;191923_CIMUNIC-17bz25h004dAM.pdf;""
H019;PREDOI;4;10/02/2025;12/02/2025;BZ;Trentino alto adige;191435_CIMUNIC-17bz25h019d.pdf;191435_CIMUNIC-17bz25h019dAM.pdf;""
H081;PROVES;5;26/02/2025;07/05/2025;BZ;Trentino alto adige;192797_CIMUNIC-17bz25h081d.pdf;192797_CIMUNIC-17bz25h081dAM.pdf;""
H189;RASUN ANTERSELVA;4;26/02/2025;04/03/2025;BZ;Trentino alto adige;191843_CIMUNIC-17bz25h189d.pdf;191843_CIMUNIC-17bz25h189dAM.pdf;""
H236;RENON;3;29/01/2025;12/02/2025;BZ;Trentino alto adige;191364_CIMUNIC-17bz25h236d.pdf;191364_CIMUNIC-17bz25h236dAM.pdf;""
H284;RIFIANO;3;25/02/2025;12/03/2025;BZ;Trentino alto adige;191985_CIMUNIC-17bz25h284d.pdf;191985_CIMUNIC-17bz25h284dAM.pdf;""
H299;RIO DI PUSTERIA;2;26/02/2025;06/03/2025;BZ;Trentino alto adige;191905_CIMUNIC-17bz25h299d.pdf;191905_CIMUNIC-17bz25h299dAM.pdf;""
H475;RODENGO;2;26/02/2025;06/03/2025;BZ;Trentino alto adige;191907_CIMUNIC-17bz25h475d.pdf;191907_CIMUNIC-17bz25h475dAM.pdf;""
H786;SAN CANDIDO;5;19/02/2025;12/03/2025;BZ;Trentino alto adige;191944_CIMUNIC-17bz25h786d.pdf;191944_CIMUNIC-17bz25h786dAM.pdf;""
H858;SAN GENESIO ATESINO;3;22/01/2025;03/02/2025;BZ;Trentino alto adige;191235_CIMUNIC-17bz25h858d.pdf;191235_CIMUNIC-17bz25h858dAM.pdf;""
H952;SAN LEONARDO IN PASSIRIA;2;22/01/2025;30/10/2025;BZ;Trentino alto adige;195465_CIMUNIC-17bz25h952d.pdf;195465_CIMUNIC-17bz25h952dAM.pdf;""
H989;SAN MARTINO IN PASSIRIA;2;30/01/2025;19/02/2025;BZ;Trentino alto adige;191590_CIMUNIC-17bz25h989d.pdf;191590_CIMUNIC-17bz25h989dAM.pdf;""
I065;SAN PANCRAZIO;3;27/01/2025;03/02/2025;BZ;Trentino alto adige;191171_CIMUNIC-17bz25i065d.pdf;191171_CIMUNIC-17bz25i065dAM.pdf;""
I519;SCENA;3;21/01/2025;28/01/2025;BZ;Trentino alto adige;191125_CIMUNIC-17bz25i519d.pdf;191125_CIMUNIC-17bz25i519dAM.pdf;""
I593;SELVA DEI MOLINI;2/R;22/01/2025;03/02/2025;BZ;Trentino alto adige;191231_CIMUNIC-17bz25i593d.pdf;191231_CIMUNIC-17bz25i593dAM.pdf;""
I591;SELVA DI VAL GARDENA;2;26/02/2025;20/03/2025;BZ;Trentino alto adige;192183_CIMUNIC-17bz25i591d.pdf;192183_CIMUNIC-17bz25i591dAM.pdf;""
I604;SENALES;3;12/02/2025;03/04/2025;BZ;Trentino alto adige;192407_CIMUNIC-17bz25i604d.pdf;192407_CIMUNIC-17bz25i604dAM.pdf;""
I687;SESTO;6;25/02/2025;14/10/2025;BZ;Trentino alto adige;195151_CIMUNIC-17bz25i687d.pdf;195151_CIMUNIC-17bz25i687dAM.pdf;""
I771;SLUDERNO;04;28/01/2025;14/02/2025;BZ;Trentino alto adige;191509_CIMUNIC-17bz25i771d.pdf;191509_CIMUNIC-17bz25i771dAM.pdf;""
L106;TERENTO;5/R/2025;24/02/2025;05/03/2025;BZ;Trentino alto adige;191872_CIMUNIC-17bz25l106d.pdf;191872_CIMUNIC-17bz25l106dAM.pdf;""
L111;TERMENO SULLA STRADA DEL VINO.;3;27/01/2025;04/02/2025;BZ;Trentino alto adige;191250_CIMUNIC-17bz25l111d.pdf;191250_CIMUNIC-17bz25l111dAM.pdf;""
L149;TESIMO;3;20/02/2025;03/03/2025;BZ;Trentino alto adige;191853_CIMUNIC-17bz25l149d.pdf;191853_CIMUNIC-17bz25l149dAM.pdf;""
L176;TIRES;6;07/02/2025;12/02/2025;BZ;Trentino alto adige;191439_CIMUNIC-17bz25l176d.pdf;191439_CIMUNIC-17bz25l176dAM.pdf;""
L444;TRODENA NEL PARCO NATURALE;5;29/01/2025;05/02/2025;BZ;Trentino alto adige;191263_CIMUNIC-17bz25l444d.pdf;191263_CIMUNIC-17bz25l444dAM.pdf;""
L455;TUBRE;1;26/02/2025;04/03/2025;BZ;Trentino alto adige;191866_CIMUNIC-17bz25l455d.pdf;191866_CIMUNIC-17bz25l455dAM.pdf;""
L490;ULTIMO;2;05/02/2025;11/02/2025;BZ;Trentino alto adige;191385_CIMUNIC-17bz25l490d.pdf;191385_CIMUNIC-17bz25l490dAM.pdf;""
L527;VADENA;3;19/02/2025;24/02/2025;BZ;Trentino alto adige;191719_CIMUNIC-17bz25l527d.pdf;191719_CIMUNIC-17bz25l527dAM.pdf;""
L564;VAL DI VIZZE;5;04/02/2025;13/02/2025;BZ;Trentino alto adige;191469_CIMUNIC-17bz25l564d.pdf;191469_CIMUNIC-17bz25l564dAM.pdf;""
L552;VALDAORA;1;26/02/2025;04/03/2025;BZ;Trentino alto adige;191863_CIMUNIC-17bz25l552d.pdf;191863_CIMUNIC-17bz25l552dAM.pdf;""
L724;VELTURNO;4;27/01/2025;10/02/2025;BZ;Trentino alto adige;191353_CIMUNIC-17bz25l724d.pdf;191353_CIMUNIC-17bz25l724dAM.pdf;""
L745;VERANO;3;25/02/2025;14/03/2025;BZ;Trentino alto adige;192083_CIMUNIC-17bz25l745d.pdf;192083_CIMUNIC-17bz25l745dAM.pdf;""
L915;VILLABASSA;2;17/02/2025;24/02/2025;BZ;Trentino alto adige;191703_CIMUNIC-17bz25l915d.pdf;191703_CIMUNIC-17bz25l915dAM.pdf;""
L971;VILLANDRO;3;19/02/2025;19/03/2025;BZ;Trentino alto adige;192158_CIMUNIC-17bz25l971d.pdf;192158_CIMUNIC-17bz25l971dAM.pdf;""
A116;ALA;40;30/12/2024;14/01/2025;TN;Trentino alto adige;190837_CIMUNIC-17tn25a116d.pdf;190837_CIMUNIC-17tn25a116dAM.pdf;""
A520;AVIO;37;23/12/2024;03/01/2025;TN;Trentino alto adige;190533_CIMUNIC-17tn25a520d.pdf;190533_CIMUNIC-17tn25a520dAM.pdf;""
M429;BORGO D'ANAUNIA;9;26/03/2025;11/04/2025;TN;Trentino alto adige;192469_CIMUNIC-17tn25m429d.pdf;192469_CIMUNIC-17tn25m429dAM.pdf;""
B514;CAMPITELLO DI FASSA;28;23/12/2024;13/01/2025;TN;Trentino alto adige;190720_CIMUNIC-17tn25b514d.pdf;190720_CIMUNIC-17tn25b514dAM.pdf;""
B579;CANAZEI;46;20/12/2024;13/01/2025;TN;Trentino alto adige;190722_CIMUNIC-17tn25b579d.pdf;190722_CIMUNIC-17tn25b579dAM.pdf;""
F068;MAZZIN;29;23/12/2024;10/01/2025;TN;Trentino alto adige;190717_CIMUNIC-17tn25f068d.pdf;190717_CIMUNIC-17tn25f068dAM.pdf;""
F263;MOENA;30/6;30/12/2024;10/01/2025;TN;Trentino alto adige;190713_CIMUNIC-17tn25f263d.pdf;190713_CIMUNIC-17tn25f263dAM.pdf;""
M358;PORTE DI RENDENA;43;16/12/2024;09/01/2025;TN;Trentino alto adige;190404_CIMUNIC-17tn25m358d.pdf;190404_CIMUNIC-17tn25m358dAM.pdf;""
M358;PORTE DI RENDENA;12;22/01/2025;28/01/2025;TN;Trentino alto adige;191116_CIMUNIC-17tn25m358d.pdf;191116_CIMUNIC-17tn25m358dAM.pdf;"IMU - VALORI AREE FABBRICABILI"
H612;ROVERETO;39;26/11/2024;13/12/2024;TN;Trentino alto adige;;190167_CIMUNIC-17tn25h612dAM.pdf;""
M390;SAN GIOVANNI DI FASSA;2;05/02/2025;13/02/2025;TN;Trentino alto adige;191446_CIMUNIC-17tn25m390d.pdf;191446_CIMUNIC-17tn25m390dAM.pdf;""
I576;SEGONZANO;6;06/05/2024;29/08/2025;TN;Trentino alto adige;194405_CIMUNIC-17tn25i576d.pdf;194405_CIMUNIC-17tn25i576dAM.pdf;""
I839;SORAGA DI FASSA;2;03/02/2025;12/02/2025;TN;Trentino alto adige;191437_CIMUNIC-17tn25i839d.pdf;191437_CIMUNIC-17tn25i839dAM.pdf;""
L200;TON;2;05/02/2025;20/02/2025;TN;Trentino alto adige;191603_CIMUNIC-17tn25l200d.pdf;191603_CIMUNIC-17tn25l200dAM.pdf;""
M431;VILLE DI FIEMME;36;23/12/2024;02/01/2025;TN;Trentino alto adige;190506_CIMUNIC-17tn25m431d.pdf;190506_CIMUNIC-17tn25m431dAM.pdf;""
C745;CITTA' DI CASTELLO;72;19/12/2024;18/03/2025;PG;Umbria;192065_CIMUNIC-18pg25c745d.pdf;192065_CIMUNIC-18pg25c745dAM.pdf;""
C990;CORCIANO;65;30/12/2024;23/01/2025;PG;Umbria;191070_CIMUNIC-18pg25c990d.pdf;191070_CIMUNIC-18pg25c990dAM.pdf;""
E229;GUALDO CATTANEO;52;20/12/2024;14/01/2025;PG;Umbria;190679_CIMUNIC-18pg25e229d.pdf;190679_CIMUNIC-18pg25e229dAM.pdf;""
E230;GUALDO TADINO;59;19/12/2024;07/04/2025;PG;Umbria;192445_CIMUNIC-18pg25e230d.pdf;192445_CIMUNIC-18pg25e230dAM.pdf;""
E256;GUBBIO;140;30/12/2024;14/01/2025;PG;Umbria;190680_CIMUNIC-18pg25e256d.pdf;190680_CIMUNIC-18pg25e256dAM.pdf;""
F492;MONTEFALCO;57;30/12/2024;14/01/2025;PG;Umbria;190774_CIMUNIC-18pg25f492d.pdf;190774_CIMUNIC-18pg25f492dAM.pdf;""
H935;SAN GIUSTINO;47;27/12/2024;10/02/2025;PG;Umbria;191343_CIMUNIC-18pg25h935d.pdf;191343_CIMUNIC-18pg25h935dAM.pdf;""
I921;SPOLETO;54;25/11/2024;07/01/2025;PG;Umbria;190592_CIMUNIC-18pg25i921d.pdf;190592_CIMUNIC-18pg25i921dAM.pdf;""
D786;UMBERTIDE;35;30/12/2024;14/01/2025;PG;Umbria;190840_CIMUNIC-18pg25d786d.pdf;190840_CIMUNIC-18pg25d786dAM.pdf;""
C595;CHAMBAVE;6;27/02/2025;21/07/2025;AO;Valle d'aosta;193885_CIMUNIC-19ao25c595d.pdf;193885_CIMUNIC-19ao25c595dAM.pdf;""
D338;DONNAS;5;28/02/2025;19/06/2025;AO;Valle d'aosta;193544_CIMUNIC-19ao25d338d.pdf;193544_CIMUNIC-19ao25d338dAM.pdf;""
G854;PONT-SAINT-MARTIN;4;25/02/2025;11/04/2025;AO;Valle d'aosta;192466_CIMUNIC-19ao25g854d.pdf;192466_CIMUNIC-19ao25g854dAM.pdf;""
H676;SAINT-VINCENT;9;25/02/2025;11/09/2025;AO;Valle d'aosta;194549_CIMUNIC-19ao25h676d.pdf;194549_CIMUNIC-19ao25h676dAM.pdf;""
L654;VALTOURNENCHE;9;10/03/2025;15/04/2025;AO;Valle d'aosta;192543_CIMUNIC-19ao25l654d.pdf;192543_CIMUNIC-19ao25l654dAM.pdf;""
A001;ABANO TERME;41;27/12/2024;11/02/2025;PD;Veneto;191404_CIMUNIC-20pd25a001d.pdf;191404_CIMUNIC-20pd25a001dAM.pdf;""
C743;CITTADELLA;12;28/04/2025;05/09/2025;PD;Veneto;194325_CIMUNIC-20pd25c743d.pdf;194325_CIMUNIC-20pd25c743dAM.pdf;""
G224;PADOVA;93;09/12/2024;14/01/2025;PD;Veneto;190780_CIMUNIC-20pd25g224d.pdf;190780_CIMUNIC-20pd25g224dAM.pdf;""
M438;SANTA CATERINA D'ESTE;4;27/02/2025;05/03/2025;PD;Veneto;191883_CIMUNIC-20pd25m438d.pdf;191883_CIMUNIC-20pd25m438dAM.pdf;""
L199;TOMBOLO;4;21/02/2025;11/03/2025;PD;Veneto;191988_CIMUNIC-20pd25l199d.pdf;191988_CIMUNIC-20pd25l199dAM.pdf;""
G673;PINCARA;49;27/12/2024;06/05/2025;RO;Veneto;192794_CIMUNIC-20ro25g673d.pdf;192794_CIMUNIC-20ro25g673dAM.pdf;""
H620;ROVIGO;64;19/12/2024;23/01/2025;RO;Veneto;191150_CIMUNIC-20ro25h620d.pdf;191150_CIMUNIC-20ro25h620dAM.pdf;""
B349;CAERANO DI SAN MARCO;36;27/12/2024;14/10/2025;TV;Veneto;;195153_CIMUNIC-20tv25b349dAM.pdf;""
B744;CARBONERA;5;31/03/2025;09/05/2025;TV;Veneto;192812_CIMUNIC-20tv25b744d.pdf;192812_CIMUNIC-20tv25b744dAM.pdf;""
D030;CORNUDA;103;20/11/2024;14/01/2025;TV;Veneto;190664_CIMUNIC-20tv25d030d.pdf;190664_CIMUNIC-20tv25d030dAM.pdf;""
C670;CROCETTA DEL MONTELLO;58;19/12/2024;24/02/2025;TV;Veneto;191596_CIMUNIC-20tv25c670d.pdf;191596_CIMUNIC-20tv25c670dAM.pdf;""
D654;FOLLINA;5;28/02/2025;27/03/2025;TV;Veneto;192285_CIMUNIC-20tv25d654d.pdf;192285_CIMUNIC-20tv25d654dAM.pdf;""
H843;SAN FIOR;5;26/02/2025;13/05/2025;TV;Veneto;192867_CIMUNIC-20tv25h843d.pdf;192867_CIMUNIC-20tv25h843dAM.pdf;""
L014;SUSEGANA;5;13/02/2025;21/02/2025;TV;Veneto;191557_CIMUNIC-20tv25l014d.pdf;191557_CIMUNIC-20tv25l014dAM.pdf;""
M308;CAVALLINO-TREPORTI;91;17/12/2024;14/01/2025;VE;Veneto;190513_CIMUNIC-20ve25m308d.pdf;190513_CIMUNIC-20ve25m308dAM.pdf;""
C714;CINTO CAOMAGGIORE;4;26/02/2025;14/03/2025;VE;Veneto;192087_CIMUNIC-20ve25c714d.pdf;192087_CIMUNIC-20ve25c714dAM.pdf;""
D578;FIESSO D'ARTICO;48;23/12/2024;23/01/2025;VE;Veneto;190995_CIMUNIC-20ve25d578d.pdf;190995_CIMUNIC-20ve25d578dAM.pdf;""
L736;VENEZIA;75;18/12/2024;13/10/2025;VE;Veneto;195147_CIMUNIC-20ve25l736d.pdf;195147_CIMUNIC-20ve25l736dAM.pdf;""
H829;SANDRIGO;47;19/12/2024;24/02/2025;VI;Veneto;191489_CIMUNIC-20vi25h829d.pdf;191489_CIMUNIC-20vi25h829dAM.pdf;""
M423;VALBRENTA;43;27/12/2024;14/01/2025;VI;Veneto;190686_CIMUNIC-20vi25m423d.pdf;190686_CIMUNIC-20vi25m423dAM.pdf;"IMU - VALORI AREE FABBRICABILI"
C078;CASTEL D'AZZANO;178;09/12/2024;16/12/2024;VR;Veneto;;190205_CIMUNIC-20vr25c078dAM.pdf;""
D915;GARDA;20;30/12/2024;11/02/2025;VR;Veneto;191397_CIMUNIC-20vr25d915d.pdf;191397_CIMUNIC-20vr25d915dAM.pdf;""
D957;GAZZO VERONESE;34;20/12/2024;04/09/2025;VR;Veneto;194447_CIMUNIC-20vr25d957d.pdf;194447_CIMUNIC-20vr25d957dAM.pdf;""
E502;LAZISE;72;30/12/2024;24/03/2025;VR;Veneto;192251_CIMUNIC-20vr25e502d.pdf;192251_CIMUNIC-20vr25e502dAM.pdf;""
H608;ROVERE' VERONESE;1;06/03/2025;31/03/2025;VR;Veneto;192344_CIMUNIC-20vr25h608d.pdf;192344_CIMUNIC-20vr25h608dAM.pdf;""
L781;VERONA;10;27/02/2025;02/04/2025;VR;Veneto;192386_CIMUNIC-20vr25l781d.pdf;192386_CIMUNIC-20vr25l781dAM.pdf;""
