CODICE_CATASTALE;COMUNE;NUMERO;DATA_REGOLAMENTO;DATA_PUBBLICAZIONE;PR;REGIONE;FILE_REGOLAMENTO;FILE_DELIBERA;NOTE
E040;GIOIA DEI MARSI;50;28/12/2023;27/08/2024;AQ;Abruzzo;186534_CIMUNIC-01aq24e040d.pdf;186534_CIMUNIC-01aq24e040dAM.pdf;""
A345;L'AQUILA;190;18/12/2023;04/09/2024;AQ;Abruzzo;186644_CIMUNIC-01aq24a345d.pdf;186644_CIMUNIC-01aq24a345dAM.pdf;""
L103;TERAMO;15;30/04/2024;20/05/2024;TE;Abruzzo;184135_CIMUNIC-01te24l103d.pdf;184135_CIMUNIC-01te24l103dAM.pdf;""
H235;RENDE;8;07/03/2024;16/05/2024;CS;Calabria;183783_CIMUNIC-03cs24h235d.pdf;183783_CIMUNIC-03cs24h235dAM.pdf;""
C453;CENADI;7;12/04/2024;24/06/2024;CZ;Calabria;185324_CIMUNIC-03cz24c453d.pdf;185324_CIMUNIC-03cz24c453dAM.pdf;""
B481;CAMINI;26;10/07/2024;22/07/2024;RC;Calabria;185825_CIMUNIC-03rc24b481d.pdf;185825_CIMUNIC-03rc24b481dAM.pdf;""
M277;SAN FERDINANDO;09;14/03/2024;08/05/2024;RC;Calabria;183565_CIMUNIC-03rc24m277d.pdf;183565_CIMUNIC-03rc24m277dAM.pdf;""
H970;SAN LUCA;26;21/10/2023;30/01/2024;RC;Calabria;;180471_CIMUNIC-03rc24h970dAM.pdf;""
F744;MORRA DE SANCTIS;2;05/02/2024;23/08/2024;AV;Campania;186476_CIMUNIC-04av24f744d.pdf;186476_CIMUNIC-04av24f744dAM.pdf;""
D650;FOIANO DI VAL FORTORE;18;30/05/2024;11/06/2024;BN;Campania;184886_CIMUNIC-04bn24d650d.pdf;184886_CIMUNIC-04bn24d650dAM.pdf;""
H423;ROCCAMONFINA;4;25/01/2024;26/03/2024;CE;Campania;182472_CIMUNIC-04ce24h423d.pdf;182472_CIMUNIC-04ce24h423dAM.pdf;""
I130;SAN POTITO SANNITICO;02;14/03/2024;09/09/2024;CE;Campania;186737_CIMUNIC-04ce24i130d.pdf;186737_CIMUNIC-04ce24i130dAM.pdf;""
M092;VITULAZIO;8;12/03/2024;19/03/2024;CE;Campania;;182219_CIMUNIC-04ce24m092dAM.pdf;"TESTO REGOLAMENTO INSERITO NEL FILE DELLA DELIBERA"
I262;SANT'ANASTASIA;75;20/11/2023;02/01/2024;NA;Campania;178432_CIMUNIC-04na24i262d.pdf;178432_CIMUNIC-04na24i262dAM.pdf;""
B895;CASAL VELINO;8;26/02/2024;21/03/2024;SA;Campania;182246_CIMUNIC-04sa24b895d.pdf;182246_CIMUNIC-04sa24b895dAM.pdf;""
G939;POSTIGLIONE;6;27/04/2023;16/05/2024;SA;Campania;183785_CIMUNIC-04sa24g939d.pdf;183785_CIMUNIC-04sa24g939dAM.pdf;""
A392;ARGELATO;32;20/12/2023;12/01/2024;BO;Emilia romagna;179318_CIMUNIC-05bo24a392d.pdf;179318_CIMUNIC-05bo24a392dAM.pdf;""
B249;BUDRIO;5;01/02/2024;07/11/2024;BO;Emilia romagna;189372_CIMUNIC-05bo24b249d.pdf;189372_CIMUNIC-05bo24b249dAM.pdf;""
B572;CAMUGNANO;31;26/11/2024;10/12/2024;BO;Emilia romagna;;190123_CIMUNIC-05bo24b572dAM.pdf;"TESTO REGOLAMENTO INSERITO NEL FILE DELLA DELIBERA"
B001;BORGHI;21;29/11/2023;28/12/2023;FC;Emilia romagna;178520_CIMUNIC-05fc24b001d.pdf;178520_CIMUNIC-05fc24b001dAM.pdf;""
F139;MERCATO SARACENO;59;20/12/2023;03/04/2024;FC;Emilia romagna;182672_CIMUNIC-05fc24f139d.pdf;182672_CIMUNIC-05fc24f139dAM.pdf;""
M409;TRESIGNANA;50;27/12/2023;23/05/2024;FE;Emilia romagna;184265_CIMUNIC-05fe24m409d.pdf;184265_CIMUNIC-05fe24m409dAM.pdf;""
D711;FORMIGINE;97;19/12/2023;29/01/2024;MO;Emilia romagna;180309_CIMUNIC-05mo24d711d.pdf;180309_CIMUNIC-05mo24d711dAM.pdf;""
L885;VIGNOLA;103;28/12/2023;29/04/2024;MO;Emilia romagna;183363_CIMUNIC-05mo24l885d.pdf;183363_CIMUNIC-05mo24l885dAM.pdf;""
H593;ROTTOFRENO;61;20/12/2023;15/01/2024;PC;Emilia romagna;179504_CIMUNIC-05pc24h593d.pdf;179504_CIMUNIC-05pc24h593dAM.pdf;""
G337;PARMA;71;27/11/2023;14/05/2024;PR;Emilia romagna;183723_CIMUNIC-05pr24g337d.pdf;183723_CIMUNIC-05pr24g337dAM.pdf;""
H294;RIMINI;90;12/12/2023;04/03/2024;RN;Emilia romagna;181766_CIMUNIC-05rn24h294d.pdf;181766_CIMUNIC-05rn24h294dAM.pdf;""
A516;AVIANO;98;28/12/2023;01/02/2024;PN;Friuli venezia giulia;180604_CIMUNIC-06pn24a516d.pdf;180604_CIMUNIC-06pn24a516dAM.pdf;""
A103;AIELLO DEL FRIULI;11;18/04/2024;05/09/2024;UD;Friuli venezia giulia;186598_CIMUNIC-06ud24a103d.pdf;186598_CIMUNIC-06ud24a103dAM.pdf;""
A254;AMARO;32;28/10/2024;04/11/2024;UD;Friuli venezia giulia;189363_CIMUNIC-06ud24a254d.pdf;189363_CIMUNIC-06ud24a254dAM.pdf;""
A267;AMPEZZO;41;29/12/2023;25/01/2024;UD;Friuli venezia giulia;180304_CIMUNIC-06ud24a267d.pdf;180304_CIMUNIC-06ud24a267dAM.pdf;""
A447;ARTA TERME;50;27/12/2023;30/04/2024;UD;Friuli venezia giulia;183400_CIMUNIC-06ud24a447d.pdf;183400_CIMUNIC-06ud24a447dAM.pdf;""
A553;BAGNARIA ARSA;5;14/03/2024;23/09/2024;UD;Friuli venezia giulia;187171_CIMUNIC-06ud24a553d.pdf;187171_CIMUNIC-06ud24a553dAM.pdf;""
C389;CAVAZZO CARNICO;30;15/10/2024;30/10/2024;UD;Friuli venezia giulia;189102_CIMUNIC-06ud24c389d.pdf;189102_CIMUNIC-06ud24c389dAM.pdf;""
C494;CERCIVENTO;36;21/12/2023;11/10/2024;UD;Friuli venezia giulia;188487_CIMUNIC-06ud24c494d.pdf;188487_CIMUNIC-06ud24c494dAM.pdf;""
C918;COMEGLIANS;37;20/12/2023;30/05/2024;UD;Friuli venezia giulia;184599_CIMUNIC-06ud24c918d.pdf;184599_CIMUNIC-06ud24c918dAM.pdf;""
D408;ENEMONZO;36;20/12/2023;29/04/2024;UD;Friuli venezia giulia;183346_CIMUNIC-06ud24d408d.pdf;183346_CIMUNIC-06ud24d408dAM.pdf;""
D718;FORNI AVOLTRI;27;16/12/2023;08/01/2024;UD;Friuli venezia giulia;178532_CIMUNIC-06ud24d718d.pdf;178532_CIMUNIC-06ud24d718dAM.pdf;""
D719;FORNI DI SOPRA;58;22/12/2023;28/05/2024;UD;Friuli venezia giulia;184471_CIMUNIC-06ud24d719d.pdf;184471_CIMUNIC-06ud24d719dAM.pdf;""
D720;FORNI DI SOTTO;47;27/12/2023;28/05/2024;UD;Friuli venezia giulia;184470_CIMUNIC-06ud24d720d.pdf;184470_CIMUNIC-06ud24d720dAM.pdf;""
E476;LAUCO;46;23/11/2023;08/01/2024;UD;Friuli venezia giulia;178386_CIMUNIC-06ud24e476d.pdf;178386_CIMUNIC-06ud24e476dAM.pdf;""
E820;MAGNANO IN RIVIERA;8;22/02/2024;29/02/2024;UD;Friuli venezia giulia;181588_CIMUNIC-06ud24e820d.pdf;181588_CIMUNIC-06ud24e820dAM.pdf;""
E899;MANZANO;36;06/10/2023;24/01/2024;UD;Friuli venezia giulia;179907_CIMUNIC-06ud24e899d.pdf;179907_CIMUNIC-06ud24e899dAM.pdf;""
G198;OVARO;83;19/12/2023;21/05/2024;UD;Friuli venezia giulia;184200_CIMUNIC-06ud24g198d.pdf;184200_CIMUNIC-06ud24g198dAM.pdf;""
G300;PALUZZA;42;22/12/2023;23/09/2024;UD;Friuli venezia giulia;187201_CIMUNIC-06ud24g300d.pdf;187201_CIMUNIC-06ud24g300dAM.pdf;""
H002;PRATO CARNICO;35;20/12/2023;09/01/2024;UD;Friuli venezia giulia;179032_CIMUNIC-06ud24h002d.pdf;179032_CIMUNIC-06ud24h002dAM.pdf;""
H038;PREONE;29;30/12/2023;30/07/2024;UD;Friuli venezia giulia;185932_CIMUNIC-06ud24h038d.pdf;185932_CIMUNIC-06ud24h038dAM.pdf;""
H200;RAVEO;31;28/12/2023;01/10/2024;UD;Friuli venezia giulia;187430_CIMUNIC-06ud24h200d.pdf;187430_CIMUNIC-06ud24h200dAM.pdf;""
H289;RIGOLATO;55;22/12/2023;01/10/2024;UD;Friuli venezia giulia;187451_CIMUNIC-06ud24h289d.pdf;187451_CIMUNIC-06ud24h289dAM.pdf;""
I464;SAURIS;32;30/12/2023;10/07/2024;UD;Friuli venezia giulia;185651_CIMUNIC-06ud24i464d.pdf;185651_CIMUNIC-06ud24i464dAM.pdf;""
I777;SOCCHIEVE;44;28/12/2023;07/10/2024;UD;Friuli venezia giulia;188109_CIMUNIC-06ud24i777d.pdf;188109_CIMUNIC-06ud24i777dAM.pdf;""
L018;SUTRIO;40;28/11/2023;28/05/2024;UD;Friuli venezia giulia;184192_CIMUNIC-06ud24l018d.pdf;184192_CIMUNIC-06ud24l018dAM.pdf;""
L195;TOLMEZZO;45;15/10/2024;30/10/2024;UD;Friuli venezia giulia;189101_CIMUNIC-06ud24l195d.pdf;189101_CIMUNIC-06ud24l195dAM.pdf;""
M399;TREPPO LIGOSULLO;40;07/12/2023;07/08/2024;UD;Friuli venezia giulia;186155_CIMUNIC-06ud24m399d.pdf;186155_CIMUNIC-06ud24m399dAM.pdf;""
L801;VERZEGNIS;33;03/10/2024;30/10/2024;UD;Friuli venezia giulia;189103_CIMUNIC-06ud24l801d.pdf;189103_CIMUNIC-06ud24l801dAM.pdf;""
L909;VILLA SANTINA;50;27/12/2023;01/10/2024;UD;Friuli venezia giulia;187644_CIMUNIC-06ud24l909d.pdf;187644_CIMUNIC-06ud24l909dAM.pdf;""
M200;ZUGLIO;41;22/12/2023;12/01/2024;UD;Friuli venezia giulia;179401_CIMUNIC-06ud24m200d.pdf;179401_CIMUNIC-06ud24m200dAM.pdf;""
B543;CAMPOLI APPENNINO;26;27/12/2023;24/01/2024;FR;Lazio;180155_CIMUNIC-07fr24b543d.pdf;180155_CIMUNIC-07fr24b543dAM.pdf;""
I302;SANT'APOLLINARE;26;22/12/2023;15/11/2024;FR;Lazio;189387_CIMUNIC-07fr24i302d.pdf;189387_CIMUNIC-07fr24i302dAM.pdf;""
L780;VEROLI;51;18/12/2023;09/04/2024;FR;Lazio;182823_CIMUNIC-07fr24l780d.pdf;182823_CIMUNIC-07fr24l780dAM.pdf;""
E472;LATINA;48;20/12/2023;22/02/2024;LT;Lazio;181448_CIMUNIC-07lt24e472d.pdf;181448_CIMUNIC-07lt24e472dAM.pdf;""
L120;TERRACINA;10;11/03/2024;23/09/2024;LT;Lazio;187260_CIMUNIC-07lt24l120d.pdf;187260_CIMUNIC-07lt24l120dAM.pdf;""
E204;GROTTAFERRATA;11;21/03/2024;08/04/2024;RM;Lazio;182779_CIMUNIC-07rm24e204d.pdf;182779_CIMUNIC-07rm24e204dAM.pdf;""
F880;NETTUNO;13;14/03/2024;11/10/2024;RM;Lazio;188566_CIMUNIC-07rm24f880d.pdf;188566_CIMUNIC-07rm24f880dAM.pdf;""
B282;BUSALLA;62;18/12/2023;11/01/2024;GE;Liguria;179197_CIMUNIC-08ge24b282d.pdf;179197_CIMUNIC-08ge24b282dAM.pdf;""
G646;PIEVE LIGURE;39;14/12/2023;04/10/2024;GE;Liguria;188062_CIMUNIC-08ge24g646d.pdf;188062_CIMUNIC-08ge24g646dAM.pdf;""
H212;RECCO;46;19/12/2023;07/02/2024;GE;Liguria;180829_CIMUNIC-08ge24h212d.pdf;180829_CIMUNIC-08ge24h212dAM.pdf;""
I225;SANTA MARGHERITA LIGURE;5;18/04/2024;23/05/2024;GE;Liguria;184303_CIMUNIC-08ge24i225d.pdf;184303_CIMUNIC-08ge24i225dAM.pdf;""
M182;ZOAGLI;17;26/04/2024;28/05/2024;GE;Liguria;184477_CIMUNIC-08ge24m182d.pdf;184477_CIMUNIC-08ge24m182dAM.pdf;""
E290;IMPERIA;32;22/05/2024;18/07/2024;IM;Liguria;185795_CIMUNIC-08im24e290d.pdf;185795_CIMUNIC-08im24e290dAM.pdf;""
A373;ARCOLA;78;15/12/2023;22/01/2024;SP;Liguria;179992_CIMUNIC-08sp24a373d.pdf;179992_CIMUNIC-08sp24a373dAM.pdf;""
A932;BOLANO;15;30/09/2020;09/10/2024;SP;Liguria;188442_CIMUNIC-08sp24a932d.pdf;188442_CIMUNIC-08sp24a932dAM.pdf;""
E463;LA SPEZIA;36;18/12/2023;09/01/2024;SP;Liguria;178598_CIMUNIC-08sp24e463d.pdf;178598_CIMUNIC-08sp24e463dAM.pdf;""
E542;LERICI;69;22/12/2023;09/01/2024;SP;Liguria;178776_CIMUNIC-08sp24e542d.pdf;178776_CIMUNIC-08sp24e542dAM.pdf;""
H304;RIOMAGGIORE;32;30/12/2023;24/04/2024;SP;Liguria;183182_CIMUNIC-08sp24h304d.pdf;183182_CIMUNIC-08sp24h304dAM.pdf;""
A593;BALESTRINO;29;23/12/2023;18/06/2024;SV;Liguria;185200_CIMUNIC-08sv24a593d.pdf;185200_CIMUNIC-08sv24a593dAM.pdf;""
B409;CALICE LIGURE;8;23/07/2020;03/10/2024;SV;Liguria;187935_CIMUNIC-08sv24b409d.pdf;187935_CIMUNIC-08sv24b409dAM.pdf;""
F213;MILLESIMO;36;30/12/2024;21/02/2025;SV;Liguria;191623_CIMUNIC-08sv24f213d.pdf;191623_CIMUNIC-08sv24f213dAM.pdf;""
E006;GHISALBA;49;21/12/2023;05/02/2024;BG;Lombardia;180626_CIMUNIC-09bg24e006d.pdf;180626_CIMUNIC-09bg24e006dAM.pdf;""
F864;NEMBRO;3;25/01/2024;22/03/2024;BG;Lombardia;182262_CIMUNIC-09bg24f864d.pdf;182262_CIMUNIC-09bg24f864dAM.pdf;""
G867;PONTIROLO NUOVO;32;27/11/2023;08/02/2024;BG;Lombardia;180908_CIMUNIC-09bg24g867d.pdf;180908_CIMUNIC-09bg24g867dAM.pdf;""
L795;VERTOVA;17;29/07/2024;03/09/2024;BG;Lombardia;186693_CIMUNIC-09bg24l795d.pdf;186693_CIMUNIC-09bg24l795dAM.pdf;""
M045;VILLONGO;10;30/04/2024;15/10/2024;BG;Lombardia;;188958_CIMUNIC-09bg24m045dAM.pdf;""
C585;CETO;32;03/11/2023;29/01/2024;BS;Lombardia;180425_CIMUNIC-09bs24c585d.pdf;180425_CIMUNIC-09bs24c585dAM.pdf;""
C806;COCCAGLIO;22;27/09/2024;03/10/2024;BS;Lombardia;187873_CIMUNIC-09bs24c806d.pdf;187873_CIMUNIC-09bs24c806dAM.pdf;""
D634;FLERO;6;30/04/2024;23/05/2024;BS;Lombardia;184305_CIMUNIC-09bs24d634d.pdf;184305_CIMUNIC-09bs24d634dAM.pdf;""
D918;GARDONE VAL TROMPIA;42;14/12/2023;17/01/2024;BS;Lombardia;179677_CIMUNIC-09bs24d918d.pdf;179677_CIMUNIC-09bs24d918dAM.pdf;""
L210;TORBOLE CASAGLIA;19;20/12/2023;11/01/2024;BS;Lombardia;179168_CIMUNIC-09bs24l210d.pdf;179168_CIMUNIC-09bs24l210dAM.pdf;""
A333;APPIANO GENTILE;39;28/12/2023;04/07/2024;CO;Lombardia;185398_CIMUNIC-09co24a333d.pdf;185398_CIMUNIC-09co24a333dAM.pdf;""
D416;ERBA;17;26/02/2024;11/04/2024;CO;Lombardia;182891_CIMUNIC-09co24d416d.pdf;182891_CIMUNIC-09co24d416dAM.pdf;""
E659;LOMAZZO;38;12/12/2023;02/01/2024;CO;Lombardia;178523_CIMUNIC-09co24e659d.pdf;178523_CIMUNIC-09co24e659dAM.pdf;""
E749;LURAGO D'ERBA;53;19/12/2023;19/06/2024;CO;Lombardia;;185281_CIMUNIC-09co24e749dAM.pdf;""
E272;GUSSOLA;12;15/04/2024;30/04/2024;CR;Lombardia;183360_CIMUNIC-09cr24e272d.pdf;183360_CIMUNIC-09cr24e272dAM.pdf;""
L296;TORRICELLA DEL PIZZO;13;15/04/2024;29/04/2024;CR;Lombardia;183362_CIMUNIC-09cr24l296d.pdf;183362_CIMUNIC-09cr24l296dAM.pdf;""
E305;INTROBIO;7;14/03/2024;10/04/2024;LC;Lombardia;182880_CIMUNIC-09lc24e305d.pdf;182880_CIMUNIC-09lc24e305dAM.pdf;""
I362;SANTO STEFANO LODIGIANO;4;29/01/2024;05/03/2024;LO;Lombardia;181777_CIMUNIC-09lo24i362d.pdf;181777_CIMUNIC-09lo24i362dAM.pdf;""
L469;TURANO LODIGIANO;48;30/12/2023;05/03/2024;LO;Lombardia;;181782_CIMUNIC-09lo24l469dAM.pdf;"TESTO REGOLAMENTO INSERITO NEL FILE DELLA DELIBERA"
E550;LESMO;3;16/02/2024;10/05/2024;MB;Lombardia;183821_CIMUNIC-09mb24e550d.pdf;183821_CIMUNIC-09mb24e550dAM.pdf;""
A473;ASSAGO;54;21/12/2023;14/02/2024;MI;Lombardia;181092_CIMUNIC-09mi24a473d.pdf;181092_CIMUNIC-09mi24a473dAM.pdf;""
B240;BUCCINASCO;4;04/03/2024;09/05/2024;MI;Lombardia;183700_CIMUNIC-09mi24b240d.pdf;183700_CIMUNIC-09mi24b240dAM.pdf;""
C033;CASSINETTA DI LUGAGNANO;14;22/04/2024;13/05/2024;MI;Lombardia;183883_CIMUNIC-09mi24c033d.pdf;183883_CIMUNIC-09mi24c033dAM.pdf;""
C052;CASTANO PRIMO;50;27/11/2024;17/01/2025;MI;Lombardia;190926_CIMUNIC-09mi24c052d.pdf;190926_CIMUNIC-09mi24c052dAM.pdf;""
E801;MAGENTA;47;21/12/2023;02/05/2024;MI;Lombardia;183449_CIMUNIC-09mi24e801d.pdf;183449_CIMUNIC-09mi24e801dAM.pdf;""
F939;NOSATE;22;28/11/2023;09/10/2024;MI;Lombardia;188327_CIMUNIC-09mi24f939d.pdf;188327_CIMUNIC-09mi24f939dAM.pdf;""
H240;RESCALDINA;64;22/12/2023;15/03/2024;MI;Lombardia;181990_CIMUNIC-09mi24h240d.pdf;181990_CIMUNIC-09mi24h240dAM.pdf;""
I577;SEGRATE;55;18/12/2023;05/01/2024;MI;Lombardia;178848_CIMUNIC-09mi24i577d.pdf;178848_CIMUNIC-09mi24i577dAM.pdf;""
C038;CASSOLNOVO;58;20/12/2023;04/03/2024;PV;Lombardia;181723_CIMUNIC-09pv24c038d.pdf;181723_CIMUNIC-09pv24c038dAM.pdf;""
C053;CASTEGGIO;7;14/03/2024;15/04/2024;PV;Lombardia;182947_CIMUNIC-09pv24c053d.pdf;182947_CIMUNIC-09pv24c053dAM.pdf;""
I236;TRAVACO' SICCOMARIO;5;15/03/2024;08/08/2024;PV;Lombardia;186184_CIMUNIC-09pv24i236d.pdf;186184_CIMUNIC-09pv24i236dAM.pdf;""
D990;GEROLA ALTA;27;10/12/2024;16/12/2024;SO;Lombardia;190223_CIMUNIC-09so24d990d.pdf;190223_CIMUNIC-09so24d990dAM.pdf;""
A891;BISUSCHIO;2;14/03/2024;09/10/2024;VA;Lombardia;;188356_CIMUNIC-09va24a891dAM.pdf;""
D869;GALLARATE;45;19/12/2023;22/01/2024;VA;Lombardia;179888_CIMUNIC-09va24d869d.pdf;179888_CIMUNIC-09va24d869dAM.pdf;""
C152;CASTELLEONE DI SUASA;4;15/03/2024;17/04/2024;AN;Marche;183062_CIMUNIC-10an24c152d.pdf;183062_CIMUNIC-10an24c152dAM.pdf;""
D007;CORINALDO;14;14/03/2024;15/04/2024;AN;Marche;182990_CIMUNIC-10an24d007d.pdf;182990_CIMUNIC-10an24d007dAM.pdf;""
F745;MORRO D'ALBA;5;22/01/2024;26/02/2024;AN;Marche;181545_CIMUNIC-10an24f745d.pdf;181545_CIMUNIC-10an24f745dAM.pdf;""
F487;MONTEDINOVE;25;27/12/2023;14/05/2024;AP;Marche;;183967_CIMUNIC-10ap24f487dAM.pdf;""
F347;MONDAVIO;17;05/06/2024;26/06/2024;PU;Marche;185447_CIMUNIC-10pu24f347d.pdf;185447_CIMUNIC-10pu24f347dAM.pdf;""
F450;MONTECALVO IN FOGLIA;63;21/12/2023;09/01/2024;PU;Marche;178834_CIMUNIC-10pu24f450d.pdf;178834_CIMUNIC-10pu24f450dAM.pdf;""
F055;MATRICE;21;10/12/2024;20/02/2025;CB;Molise;190284_CIMUNIC-11cb24f055d.pdf;190284_CIMUNIC-11cb24f055dAM.pdf;""
L505;URURI;27;19/12/2023;12/01/2024;CB;Molise;179371_CIMUNIC-11cb24l505d.pdf;179371_CIMUNIC-11cb24l505dAM.pdf;""
A052;ACQUI TERME;31;28/11/2024;15/01/2025;AL;Piemonte;190804_CIMUNIC-12al24a052d.pdf;190804_CIMUNIC-12al24a052dAM.pdf;""
A182;ALESSANDRIA;126;12/12/2023;18/03/2024;AL;Piemonte;182166_CIMUNIC-12al24a182d.pdf;182166_CIMUNIC-12al24a182dAM.pdf;""
A479;ASTI;32;06/12/2023;05/04/2024;AT;Piemonte;182773_CIMUNIC-12at24a479d.pdf;182773_CIMUNIC-12at24a479dAM.pdf;""
D388;DUSINO SAN MICHELE;30;16/12/2023;02/04/2024;AT;Piemonte;182648_CIMUNIC-12at24d388d.pdf;182648_CIMUNIC-12at24d388dAM.pdf;""
F311;MOMBARUZZO;4;12/03/2024;26/03/2024;AT;Piemonte;182470_CIMUNIC-12at24f311d.pdf;182470_CIMUNIC-12at24f311dAM.pdf;""
F336;MONCALVO;60;30/12/2024;21/03/2025;AT;Piemonte;192203_CIMUNIC-12at24f336d.pdf;192203_CIMUNIC-12at24f336dAM.pdf;""
L168;TIGLIOLE;34;18/11/2023;14/10/2024;AT;Piemonte;188773_CIMUNIC-12at24l168d.pdf;188773_CIMUNIC-12at24l168dAM.pdf;""
B586;CANDELO;73;19/12/2023;12/09/2024;BI;Piemonte;186908_CIMUNIC-12bi24b586d.pdf;186908_CIMUNIC-12bi24b586dAM.pdf;""
F993;OCCHIEPPO SUPERIORE;41;20/12/2024;18/02/2025;BI;Piemonte;191570_CIMUNIC-12bi24f993d.pdf;191570_CIMUNIC-12bi24f993dAM.pdf;""
L075;TAVIGLIANO;10;04/04/2024;20/06/2024;BI;Piemonte;185315_CIMUNIC-12bi24l075d.pdf;185315_CIMUNIC-12bi24l075dAM.pdf;""
A124;ALBA;78;21/12/2023;27/05/2024;CN;Piemonte;184383_CIMUNIC-12cn24a124d.pdf;184383_CIMUNIC-12cn24a124dAM.pdf;""
C165;CASTELLETTO STURA;34;18/12/2024;21/05/2025;CN;Piemonte;193045_CIMUNIC-12cn24c165d.pdf;193045_CIMUNIC-12cn24c165dAM.pdf;""
C550;CERVERE;7;27/03/2024;15/01/2025;CN;Piemonte;190875_CIMUNIC-12cn24c550d.pdf;190875_CIMUNIC-12cn24c550dAM.pdf;""
E894;MANTA;33;19/12/2023;08/05/2024;CN;Piemonte;183686_CIMUNIC-12cn24e894d.pdf;183686_CIMUNIC-12cn24e894dAM.pdf;""
H727;SALUZZO;74;21/12/2023;14/10/2024;CN;Piemonte;188833_CIMUNIC-12cn24h727d.pdf;188833_CIMUNIC-12cn24h727dAM.pdf;""
I470;SAVIGLIANO;4;28/02/2024;14/06/2024;CN;Piemonte;185194_CIMUNIC-12cn24i470d.pdf;185194_CIMUNIC-12cn24i470dAM.pdf;""
I750;SINIO;24;15/12/2023;10/04/2024;CN;Piemonte;;182871_CIMUNIC-12cn24i750dAM.pdf;""
E907;MARANO TICINO;22;28/12/2023;20/02/2024;NO;Piemonte;;181358_CIMUNIC-12no24e907dAM.pdf;""
F952;NOVARA;7;22/02/2024;15/03/2024;NO;Piemonte;182085_CIMUNIC-12no24f952d.pdf;182085_CIMUNIC-12no24f952dAM.pdf;""
F952;NOVARA;71;27/11/2023;22/01/2024;NO;Piemonte;179179_CIMUNIC-12no24f952d.pdf;179179_CIMUNIC-12no24f952dAM.pdf;""
L007;SUNO;5;20/02/2024;15/07/2024;NO;Piemonte;185751_CIMUNIC-12no24l007d.pdf;185751_CIMUNIC-12no24l007dAM.pdf;""
C627;CHIERI;130;21/12/2023;31/01/2024;TO;Piemonte;180576_CIMUNIC-12to24c627d.pdf;180576_CIMUNIC-12to24c627dAM.pdf;""
E518;LEINI;56;27/12/2023;19/08/2024;TO;Piemonte;186166_CIMUNIC-12to24e518d.pdf;186166_CIMUNIC-12to24e518dAM.pdf;""
F335;MONCALIERI;119;21/12/2023;19/03/2024;TO;Piemonte;182226_CIMUNIC-12to24f335d.pdf;182226_CIMUNIC-12to24f335dAM.pdf;""
F411;MONTALENGHE;27;15/12/2023;11/09/2024;TO;Piemonte;186902_CIMUNIC-12to24f411d.pdf;186902_CIMUNIC-12to24f411dAM.pdf;""
I327;SANTENA;14;13/04/2022;08/01/2024;TO;Piemonte;178960_CIMUNIC-12to24i327d.pdf;178960_CIMUNIC-12to24i327dAM.pdf;""
E853;MALESCO;11;24/04/2024;11/03/2025;VB;Piemonte;191973_CIMUNIC-12vb24e853d.pdf;191973_CIMUNIC-12vb24e853dAM.pdf;""
L669;VARALLO;33;20/12/2023;25/01/2024;VC;Piemonte;180193_CIMUNIC-12vc24l669d.pdf;180193_CIMUNIC-12vc24l669dAM.pdf;""
F376;MONOPOLI;68;19/12/2023;17/09/2024;BA;Puglia;187087_CIMUNIC-13ba24f376d.pdf;187087_CIMUNIC-13ba24f376dAM.pdf;""
L571;VALENZANO;9;16/02/2024;23/07/2024;BA;Puglia;185898_CIMUNIC-13ba24l571d.pdf;185898_CIMUNIC-13ba24l571dAM.pdf;""
B809;CAROVIGNO;31;20/11/2023;05/01/2024;BR;Puglia;178563_CIMUNIC-13br24b809d.pdf;178563_CIMUNIC-13br24b809dAM.pdf;""
A883;BISCEGLIE;127;28/12/2023;16/02/2024;BT;Puglia;181267_CIMUNIC-13bt24a883d.pdf;181267_CIMUNIC-13bt24a883dAM.pdf;""
F054;MATINO;77;28/12/2023;12/03/2024;LE;Puglia;182041_CIMUNIC-13le24f054d.pdf;182041_CIMUNIC-13le24f054dAM.pdf;""
A514;AVETRANA;9;09/04/2024;04/10/2024;TA;Puglia;187970_CIMUNIC-13ta24a514d.pdf;187970_CIMUNIC-13ta24a514dAM.pdf;""
E036;GINOSA;108;28/12/2023;25/01/2024;TA;Puglia;179967_CIMUNIC-13ta24e036d.pdf;179967_CIMUNIC-13ta24e036dAM.pdf;""
M298;STATTE;84;18/12/2023;10/09/2024;TA;Puglia;186853_CIMUNIC-13ta24m298d.pdf;186853_CIMUNIC-13ta24m298dAM.pdf;""
L049;TARANTO;250;19/12/2023;30/09/2024;TA;Puglia;187530_CIMUNIC-13ta24l049d.pdf;187530_CIMUNIC-13ta24l049dAM.pdf;"DELIBERA ADOTTATA IN VIA DI AUTOTUTELA "
L049;TARANTO;250;19/12/2023;10/05/2024;TA;Puglia;183751_CIMUNIC-13ta24l049d.pdf;183751_CIMUNIC-13ta24l049dAM.pdf;""
D287;DESULO;31;05/12/2023;08/01/2024;NU;Sardegna;178752_CIMUNIC-14nu24d287d.pdf;178752_CIMUNIC-14nu24d287dAM.pdf;""
E972;MARRUBIU;12;15/05/2023;04/11/2024;OR;Sardegna;188988_CIMUNIC-14or24e972d.pdf;188988_CIMUNIC-14or24e972dAM.pdf;""
E747;LUOGOSANTO;47;29/12/2023;25/01/2024;SS;Sardegna;180170_CIMUNIC-14ss24e747d.pdf;180170_CIMUNIC-14ss24e747dAM.pdf;"TESTO REGOLAMENTO INSERITO NEL FILE DELLA DELIBERA"
F667;MONTI;18;14/06/2024;18/06/2024;SS;Sardegna;185216_CIMUNIC-14ss24f667d.pdf;185216_CIMUNIC-14ss24f667dAM.pdf;"INAPPLICABILE PER IL 2024 (ADOTTATA OLTRE TERMINE BILANCIO)"
I428;SARDARA;26;17/06/2024;03/10/2024;SU;Sardegna;;187867_CIMUNIC-14su24i428dAM.pdf;""
I995;SUELLI;25;22/12/2023;19/09/2024;SU;Sardegna;187072_CIMUNIC-14su24i995d.pdf;187072_CIMUNIC-14su24i995dAM.pdf;""
H269;RIBERA;27;26/08/2024;08/10/2024;AG;Sicilia;188248_CIMUNIC-15ag24h269d.pdf;188248_CIMUNIC-15ag24h269dAM.pdf;""
A029;ACI SANT'ANTONIO;09;14/03/2024;29/03/2024;CT;Sicilia;182570_CIMUNIC-15ct24a029d.pdf;182570_CIMUNIC-15ct24a029dAM.pdf;""
F395;MONTAGNAREALE;5;08/03/2024;31/07/2024;ME;Sicilia;185903_CIMUNIC-15me24f395d.pdf;185903_CIMUNIC-15me24f395dAM.pdf;""
F773;MOTTA D'AFFERMO;7;13/03/2024;18/03/2025;ME;Sicilia;;192144_CIMUNIC-15me24f773dAM.pdf;"INEFFICACE PER IL 2024 - PUBBLICATA OLTRE IL 28/10/24"
G234;PAGLIARA;12;29/04/2024;17/05/2024;ME;Sicilia;184095_CIMUNIC-15me24g234d.pdf;184095_CIMUNIC-15me24g234dAM.pdf;""
L042;TAORMINA;25;22/07/2024;21/02/2025;ME;Sicilia;;191663_CIMUNIC-15me24l042dAM.pdf;""
L916;VILLABATE;8;16/03/2024;09/12/2024;PA;Sicilia;190108_CIMUNIC-15pa24l916d.pdf;190108_CIMUNIC-15pa24l916dAM.pdf;""
F258;MODICA;9;14/03/2024;29/04/2024;RG;Sicilia;183293_CIMUNIC-15rg24f258d.pdf;183293_CIMUNIC-15rg24f258dAM.pdf;""
B670;CAPOLONA;8;12/03/2024;05/08/2024;AR;Toscana;186097_CIMUNIC-16ar24b670d.pdf;186097_CIMUNIC-16ar24b670dAM.pdf;""
M392;LATERINA PERGINE VALDARNO;63;28/11/2023;01/10/2024;AR;Toscana;187585_CIMUNIC-16ar24m392d.pdf;187585_CIMUNIC-16ar24m392dAM.pdf;""
E693;LORO CIUFFENNA;48;28/12/2023;09/10/2024;AR;Toscana;188409_CIMUNIC-16ar24e693d.pdf;188409_CIMUNIC-16ar24e693dAM.pdf;""
F656;MONTEVARCHI;78;19/12/2024;20/01/2025;AR;Toscana;190997_CIMUNIC-16ar24f656d.pdf;190997_CIMUNIC-16ar24f656dAM.pdf;""
H901;SAN GIOVANNI VALDARNO;16;09/04/2024;13/06/2024;AR;Toscana;185058_CIMUNIC-16ar24h901d.pdf;185058_CIMUNIC-16ar24h901dAM.pdf;""
B406;CALENZANO;168;22/12/2023;12/01/2024;FI;Toscana;179351_CIMUNIC-16fi24b406d.pdf;179351_CIMUNIC-16fi24b406dAM.pdf;""
C101;CASTELFIORENTINO;67;28/12/2023;22/03/2024;FI;Toscana;182304_CIMUNIC-16fi24c101d.pdf;182304_CIMUNIC-16fi24c101dAM.pdf;""
C101;CASTELFIORENTINO;15;23/04/2024;04/07/2024;FI;Toscana;185583_CIMUNIC-16fi24c101d.pdf;185583_CIMUNIC-16fi24c101dAM.pdf;""
D815;FUCECCHIO;95;27/12/2023;15/07/2024;FI;Toscana;185748_CIMUNIC-16fi24d815d.pdf;185748_CIMUNIC-16fi24d815dAM.pdf;""
H635;RUFINA;78;21/12/2023;21/02/2024;FI;Toscana;181373_CIMUNIC-16fi24h635d.pdf;181373_CIMUNIC-16fi24h635dAM.pdf;""
B962;SCANDICCI;104;21/12/2023;11/01/2024;FI;Toscana;179234_CIMUNIC-16fi24b962d.pdf;179234_CIMUNIC-16fi24b962dAM.pdf;""
A560;BAGNI DI LUCCA;69;18/12/2023;05/02/2024;LU;Toscana;180756_CIMUNIC-16lu24a560d.pdf;180756_CIMUNIC-16lu24a560dAM.pdf;""
G648;PIEVE FOSCIANA;29;20/12/2023;19/01/2024;LU;Toscana;179870_CIMUNIC-16lu24g648d.pdf;179870_CIMUNIC-16lu24g648dAM.pdf;""
B832;CARRARA;1;18/01/2024;23/09/2024;MS;Toscana;187169_CIMUNIC-16ms24b832d.pdf;187169_CIMUNIC-16ms24b832dAM.pdf;""
B979;CASOLA IN LUNIGIANA;38;18/12/2023;05/01/2024;MS;Toscana;178699_CIMUNIC-16ms24b979d.pdf;178699_CIMUNIC-16ms24b979dAM.pdf;""
F023;MASSA;180;02/12/2024;09/06/2025;MS;Toscana;193344_CIMUNIC-16ms24f023d.pdf;193344_CIMUNIC-16ms24f023dAM.pdf;""
F679;MONTIGNOSO;13;30/04/2024;08/05/2024;MS;Toscana;183666_CIMUNIC-16ms24f679d.pdf;183666_CIMUNIC-16ms24f679dAM.pdf;""
G870;PONTREMOLI;43;21/12/2023;02/10/2024;MS;Toscana;187727_CIMUNIC-16ms24g870d.pdf;187727_CIMUNIC-16ms24g870dAM.pdf;""
B950;CASCINA;85;27/12/2023;26/09/2024;PI;Toscana;187372_CIMUNIC-16pi24b950d.pdf;187372_CIMUNIC-16pi24b950dAM.pdf;""
F661;MONTEVERDI MARITTIMO;43;29/12/2023;19/01/2024;PI;Toscana;179830_CIMUNIC-16pi24f661d.pdf;179830_CIMUNIC-16pi24f661dAM.pdf;""
G702;PISA;70;18/12/2023;15/01/2024;PI;Toscana;179519_CIMUNIC-16pi24g702d.pdf;179519_CIMUNIC-16pi24g702dAM.pdf;""
G754;POGGIO A CAIANO;4;28/02/2024;14/05/2024;PO;Toscana;183633_CIMUNIC-16po24g754d.pdf;183633_CIMUNIC-16po24g754dAM.pdf;""
M378;MONTALCINO;83;18/12/2023;13/03/2024;SI;Toscana;182047_CIMUNIC-16si24m378d.pdf;182047_CIMUNIC-16si24m378dAM.pdf;""
F592;MONTEPULCIANO;91;27/12/2023;03/01/2024;SI;Toscana;178767_CIMUNIC-16si24f592d.pdf;178767_CIMUNIC-16si24f592dAM.pdf;""
C652;CHIUSA;46/2023;20/12/2023;05/01/2024;BZ;Trentino alto adige;178889_CIMUNIC-17bz24c652d.pdf;178889_CIMUNIC-17bz24c652dAM.pdf;""
H786;SAN CANDIDO;73/2023;21/12/2023;11/01/2024;BZ;Trentino alto adige;179326_CIMUNIC-17bz24h786d.pdf;179326_CIMUNIC-17bz24h786dAM.pdf;""
H858;SAN GENESIO ATESINO;50;20/12/2023;11/01/2024;BZ;Trentino alto adige;179335_CIMUNIC-17bz24h858d.pdf;179335_CIMUNIC-17bz24h858dAM.pdf;""
H956;SAN LORENZO DI SEBATO;4;29/01/2024;15/10/2025;BZ;Trentino alto adige;194952_CIMUNIC-17bz24h956d.pdf;194952_CIMUNIC-17bz24h956dAM.pdf;""
I519;SCENA;37;24/10/2023;08/01/2024;BZ;Trentino alto adige;178884_CIMUNIC-17bz24i519d.pdf;178884_CIMUNIC-17bz24i519dAM.pdf;""
L111;TERMENO SULLA STRADA DEL VINO.;49;27/12/2023;19/01/2024;BZ;Trentino alto adige;179877_CIMUNIC-17bz24l111d.pdf;179877_CIMUNIC-17bz24l111dAM.pdf;""
L601;VALLE DI CASIES;42;28/11/2023;24/01/2024;BZ;Trentino alto adige;180135_CIMUNIC-17bz24l601d.pdf;180135_CIMUNIC-17bz24l601dAM.pdf;""
L915;VILLABASSA;40;29/11/2023;09/01/2024;BZ;Trentino alto adige;179011_CIMUNIC-17bz24l915d.pdf;179011_CIMUNIC-17bz24l915dAM.pdf;""
M349;ALTAVALLE;39;19/12/2023;27/12/2023;TN;Trentino alto adige;178446_CIMUNIC-17tn24m349d.pdf;178446_CIMUNIC-17tn24m349dAM.pdf;""
M351;AMBLAR-DON;03;12/02/2024;20/02/2024;TN;Trentino alto adige;181246_CIMUNIC-17tn24m351d.pdf;181246_CIMUNIC-17tn24m351dAM.pdf;""
A372;ARCO;59;27/12/2023;22/01/2024;TN;Trentino alto adige;179935_CIMUNIC-17tn24a372d.pdf;179935_CIMUNIC-17tn24a372dAM.pdf;""
B514;CAMPITELLO DI FASSA;31;14/12/2023;03/01/2024;TN;Trentino alto adige;178591_CIMUNIC-17tn24b514d.pdf;178591_CIMUNIC-17tn24b514dAM.pdf;""
B579;CANAZEI;42;30/11/2023;06/12/2023;TN;Trentino alto adige;179432_CIMUNIC-17tn24b579d.pdf;179432_CIMUNIC-17tn24b579dAM.pdf;""
M355;CEMBRA LISIGNAGO;28;27/12/2023;24/01/2024;TN;Trentino alto adige;180166_CIMUNIC-17tn24m355d.pdf;180166_CIMUNIC-17tn24m355dAM.pdf;""
E048;GIOVO;2;05/03/2024;08/04/2024;TN;Trentino alto adige;182749_CIMUNIC-17tn24e048d.pdf;182749_CIMUNIC-17tn24e048dAM.pdf;""
E334;ISERA;6;30/03/2023;10/04/2024;TN;Trentino alto adige;182866_CIMUNIC-17tn24e334d.pdf;182866_CIMUNIC-17tn24e334dAM.pdf;""
E334;ISERA;23;31/07/2024;27/08/2024;TN;Trentino alto adige;186543_CIMUNIC-17tn24e334d.pdf;186543_CIMUNIC-17tn24e334dAM.pdf;""
F068;MAZZIN;19;19/12/2023;10/01/2024;TN;Trentino alto adige;179128_CIMUNIC-17tn24f068d.pdf;179128_CIMUNIC-17tn24f068dAM.pdf;""
F183;MEZZOCORONA;36;30/11/2023;02/01/2024;TN;Trentino alto adige;178288_CIMUNIC-17tn24f183d.pdf;178288_CIMUNIC-17tn24f183dAM.pdf;""
F263;MOENA;29/7;18/12/2023;11/01/2024;TN;Trentino alto adige;179314_CIMUNIC-17tn24f263d.pdf;179314_CIMUNIC-17tn24f263dAM.pdf;""
G305;PANCHIA';32;27/11/2023;04/10/2024;TN;Trentino alto adige;187883_CIMUNIC-17tn24g305d.pdf;187883_CIMUNIC-17tn24g305dAM.pdf;""
G419;PEIO;62;28/12/2023;25/01/2024;TN;Trentino alto adige;180297_CIMUNIC-17tn24g419d.pdf;180297_CIMUNIC-17tn24g419dAM.pdf;""
H607;ROVERE' DELLA LUNA;20;24/10/2024;15/11/2024;TN;Trentino alto adige;189563_CIMUNIC-17tn24h607d.pdf;189563_CIMUNIC-17tn24h607dAM.pdf;""
M390;SAN GIOVANNI DI FASSA;1;31/01/2024;14/02/2024;TN;Trentino alto adige;181090_CIMUNIC-17tn24m390d.pdf;181090_CIMUNIC-17tn24m390dAM.pdf;""
I839;SORAGA DI FASSA;33;28/11/2023;27/12/2023;TN;Trentino alto adige;178286_CIMUNIC-17tn24i839d.pdf;178286_CIMUNIC-17tn24i839dAM.pdf;""
L147;TESERO;43;23/11/2023;03/10/2024;TN;Trentino alto adige;187744_CIMUNIC-17tn24l147d.pdf;187744_CIMUNIC-17tn24l147dAM.pdf;""
L174;TIONE DI TRENTO;38;27/11/2023;27/12/2023;TN;Trentino alto adige;178503_CIMUNIC-17tn24l174d.pdf;178503_CIMUNIC-17tn24l174dAM.pdf;""
L200;TON;2;11/01/2024;26/01/2024;TN;Trentino alto adige;180349_CIMUNIC-17tn24l200d.pdf;180349_CIMUNIC-17tn24l200dAM.pdf;""
L378;TRENTO;101;26/10/2023;24/06/2024;TN;Trentino alto adige;185385_CIMUNIC-17tn24l378d.pdf;185385_CIMUNIC-17tn24l378dAM.pdf;""
M173;ZIANO DI FIEMME;33;27/12/2023;03/10/2024;TN;Trentino alto adige;187748_CIMUNIC-17tn24m173d.pdf;187748_CIMUNIC-17tn24m173dAM.pdf;""
G359;PASSIGNANO SUL TRASIMENO;57;27/12/2023;09/02/2024;PG;Umbria;180933_CIMUNIC-18pg24g359d.pdf;180933_CIMUNIC-18pg24g359dAM.pdf;""
M258;AVIGLIANO UMBRO;53;29/12/2023;12/01/2024;TR;Umbria;179413_CIMUNIC-18tr24m258d.pdf;179413_CIMUNIC-18tr24m258dAM.pdf;""
L117;TERNI;89;11/12/2023;20/02/2024;TR;Umbria;181348_CIMUNIC-18tr24l117d.pdf;181348_CIMUNIC-18tr24l117dAM.pdf;""
E687;LORENZAGO DI CADORE;32;19/12/2023;22/01/2024;BL;Veneto;179466_CIMUNIC-20bl24e687d.pdf;179466_CIMUNIC-20bl24e687dAM.pdf;""
M437;SETTEVILLE;38;27/11/2024;30/01/2025;BL;Veneto;191164_CIMUNIC-20bl24m437d.pdf;191164_CIMUNIC-20bl24m437dAM.pdf;""
L890;VIGO DI CADORE;31;22/12/2023;16/01/2024;BL;Veneto;179554_CIMUNIC-20bl24l890d.pdf;179554_CIMUNIC-20bl24l890dAM.pdf;""
F529;MONTEGROTTO TERME;41;18/12/2023;22/01/2024;PD;Veneto;179242_CIMUNIC-20pd24f529d.pdf;179242_CIMUNIC-20pd24f529dAM.pdf;""
G534;PIACENZA D'ADIGE;34;19/12/2024;05/09/2025;PD;Veneto;194406_CIMUNIC-20pd24g534d.pdf;194406_CIMUNIC-20pd24g534dAM.pdf;""
L939;VILLADOSE;16;18/03/2024;08/08/2024;RO;Veneto;186197_CIMUNIC-20ro24l939d.pdf;186197_CIMUNIC-20ro24l939dAM.pdf;""
B128;BREDA DI PIAVE;53;19/12/2023;14/02/2024;TV;Veneto;181157_CIMUNIC-20tv24b128d.pdf;181157_CIMUNIC-20tv24b128dAM.pdf;""
C638;CHIOGGIA;132;30/09/2024;29/10/2024;VE;Veneto;189230_CIMUNIC-20ve24c638d.pdf;189230_CIMUNIC-20ve24c638dAM.pdf;""
E215;GRUARO;32;23/11/2024;17/12/2024;VE;Veneto;190170_CIMUNIC-20ve24e215d.pdf;190170_CIMUNIC-20ve24e215dAM.pdf;""
A236;ALTISSIMO;33;10/10/2023;08/01/2024;VI;Veneto;;178826_CIMUNIC-20vi24a236dAM.pdf;""
C119;CASTELGOMBERTO;2;31/01/2024;14/02/2024;VI;Veneto;181154_CIMUNIC-20vi24c119d.pdf;181154_CIMUNIC-20vi24c119dAM.pdf;""
L840;VICENZA;83;19/12/2023;17/07/2024;VI;Veneto;185777_CIMUNIC-20vi24l840d.pdf;185777_CIMUNIC-20vi24l840dAM.pdf;""
E349;ISOLA DELLA SCALA;29;30/05/2024;17/07/2024;VR;Veneto;185784_CIMUNIC-20vr24e349d.pdf;185784_CIMUNIC-20vr24e349dAM.pdf;""
E349;ISOLA DELLA SCALA;30;30/05/2024;18/07/2024;VR;Veneto;185809_CIMUNIC-20vr24e349d.pdf;185809_CIMUNIC-20vr24e349dAM.pdf;""
E489;LAVAGNO;73;13/12/2023;19/01/2024;VR;Veneto;179479_CIMUNIC-20vr24e489d.pdf;179479_CIMUNIC-20vr24e489dAM.pdf;""
H048;PRESSANA;27;27/12/2023;29/05/2024;VR;Veneto;184558_CIMUNIC-20vr24h048d.pdf;184558_CIMUNIC-20vr24h048dAM.pdf;""
I775;SOAVE;1;17/01/2024;30/01/2024;VR;Veneto;180503_CIMUNIC-20vr24i775d.pdf;180503_CIMUNIC-20vr24i775dAM.pdf;""
I826;SONA;21;30/04/2024;31/07/2024;VR;Veneto;185970_CIMUNIC-20vr24i826d.pdf;185970_CIMUNIC-20vr24i826dAM.pdf;""
I826;SONA;22;30/04/2024;31/07/2024;VR;Veneto;185969_CIMUNIC-20vr24i826d.pdf;185969_CIMUNIC-20vr24i826dAM.pdf;""
